episodio,resultado,vitorias,derrotas,empates
1,Derrota,0,1,0
2,Derrota,0,2,0
3,Empate,0,2,1
4,Derrota,0,3,1
5,Empate,0,3,2
6,Derrota,0,4,2
7,Empate,0,4,3
8,Derrota,0,5,3
9,Empate,0,5,4
10,Derrota,0,6,4
11,Empate,0,6,5
12,Derrota,0,7,5
13,Empate,0,7,6
14,Derrota,0,8,6
15,Empate,0,8,7
16,Derrota,0,9,7
17,Empate,0,9,8
18,Derrota,0,10,8
19,Empate,0,10,9
20,Derrota,0,11,9
21,Derrota,0,12,9
22,Derrota,0,13,9
23,Empate,0,13,10
24,Derrota,0,14,10
25,Empate,0,14,11
26,Derrota,0,15,11
27,Empate,0,15,12
28,Derrota,0,16,12
29,Derrota,0,17,12
30,Derrota,0,18,12
31,Empate,0,18,13
32,Derrota,0,19,13
33,Empate,0,19,14
34,Derrota,0,20,14
35,Empate,0,20,15
36,Derrota,0,21,15
37,Empate,0,21,16
38,Derrota,0,22,16
39,Empate,0,22,17
40,Derrota,0,23,17
41,Empate,0,23,18
42,Derrota,0,24,18
43,Empate,0,24,19
44,Derrota,0,25,19
45,Empate,0,25,20
46,Derrota,0,26,20
47,Empate,0,26,21
48,Derrota,0,27,21
49,Empate,0,27,22
50,Derrota,0,28,22
51,Empate,0,28,23
52,Derrota,0,29,23
53,Empate,0,29,24
54,Derrota,0,30,24
55,Empate,0,30,25
56,Derrota,0,31,25
57,Vitoria,1,31,25
58,Derrota,1,32,25
59,Empate,1,32,26
60,Derrota,1,33,26
61,Vitoria,2,33,26
62,Empate,2,33,27
63,Derrota,2,34,27
64,Derrota,2,35,27
65,Empate,2,35,28
66,Derrota,2,36,28
67,Empate,2,36,29
68,Derrota,2,37,29
69,Vitoria,3,37,29
70,Derrota,3,38,29
71,Empate,3,38,30
72,Derrota,3,39,30
73,Derrota,3,40,30
74,Derrota,3,41,30
75,Empate,3,41,31
76,Derrota,3,42,31
77,Derrota,3,43,31
78,Derrota,3,44,31
79,Empate,3,44,32
80,Derrota,3,45,32
81,Empate,3,45,33
82,Derrota,3,46,33
83,Vitoria,4,46,33
84,Derrota,4,47,33
85,Vitoria,5,47,33
86,Derrota,5,48,33
87,Vitoria,6,48,33
88,Derrota,6,49,33
89,Vitoria,7,49,33
90,Derrota,7,50,33
91,Vitoria,8,50,33
92,Derrota,8,51,33
93,Empate,8,51,34
94,Empate,8,51,35
95,Vitoria,9,51,35
96,Derrota,9,52,35
97,Empate,9,52,36
98,Derrota,9,53,36
99,Vitoria,10,53,36
100,Derrota,10,54,36
101,Vitoria,11,54,36
102,Derrota,11,55,36
103,Vitoria,12,55,36
104,Derrota,12,56,36
105,Vitoria,13,56,36
106,Derrota,13,57,36
107,Vitoria,14,57,36
108,Derrota,14,58,36
109,Vitoria,15,58,36
110,Derrota,15,59,36
111,Vitoria,16,59,36
112,Derrota,16,60,36
113,Vitoria,17,60,36
114,Derrota,17,61,36
115,Vitoria,18,61,36
116,Derrota,18,62,36
117,Vitoria,19,62,36
118,Derrota,19,63,36
119,Vitoria,20,63,36
120,Derrota,20,64,36
121,Vitoria,21,64,36
122,Derrota,21,65,36
123,Vitoria,22,65,36
124,Derrota,22,66,36
125,Derrota,22,67,36
126,Derrota,22,68,36
127,Vitoria,23,68,36
128,Empate,23,68,37
129,Derrota,23,69,37
130,Derrota,23,70,37
131,Vitoria,24,70,37
132,Derrota,24,71,37
133,Vitoria,25,71,37
134,Derrota,25,72,37
135,Derrota,25,73,37
136,Derrota,25,74,37
137,Vitoria,26,74,37
138,Derrota,26,75,37
139,Vitoria,27,75,37
140,Derrota,27,76,37
141,Derrota,27,77,37
142,Derrota,27,78,37
143,Derrota,27,79,37
144,Derrota,27,80,37
145,Vitoria,28,80,37
146,Derrota,28,81,37
147,Vitoria,29,81,37
148,Derrota,29,82,37
149,Vitoria,30,82,37
150,Derrota,30,83,37
151,Vitoria,31,83,37
152,Derrota,31,84,37
153,Derrota,31,85,37
154,Derrota,31,86,37
155,Vitoria,32,86,37
156,Derrota,32,87,37
157,Vitoria,33,87,37
158,Derrota,33,88,37
159,Vitoria,34,88,37
160,Empate,34,88,38
161,Vitoria,35,88,38
162,Derrota,35,89,38
163,Vitoria,36,89,38
164,Derrota,36,90,38
165,Vitoria,37,90,38
166,Derrota,37,91,38
167,Vitoria,38,91,38
168,Derrota,38,92,38
169,Vitoria,39,92,38
170,Empate,39,92,39
171,Vitoria,40,92,39
172,Derrota,40,93,39
173,Vitoria,41,93,39
174,Derrota,41,94,39
175,Vitoria,42,94,39
176,Derrota,42,95,39
177,Vitoria,43,95,39
178,Derrota,43,96,39
179,Vitoria,44,96,39
180,Derrota,44,97,39
181,Vitoria,45,97,39
182,Derrota,45,98,39
183,Vitoria,46,98,39
184,Derrota,46,99,39
185,Vitoria,47,99,39
186,Derrota,47,100,39
187,Vitoria,48,100,39
188,Derrota,48,101,39
189,Vitoria,49,101,39
190,Empate,49,101,40
191,Vitoria,50,101,40
192,Empate,50,101,41
193,Vitoria,51,101,41
194,Derrota,51,102,41
195,Vitoria,52,102,41
196,Derrota,52,103,41
197,Empate,52,103,42
198,Derrota,52,104,42
199,Vitoria,53,104,42
200,Empate,53,104,43
201,Derrota,53,105,43
202,Derrota,53,106,43
203,Vitoria,54,106,43
204,Derrota,54,107,43
205,Vitoria,55,107,43
206,Derrota,55,108,43
207,Vitoria,56,108,43
208,Derrota,56,109,43
209,Vitoria,57,109,43
210,Empate,57,109,44
211,Vitoria,58,109,44
212,Derrota,58,110,44
213,Empate,58,110,45
214,Derrota,58,111,45
215,Vitoria,59,111,45
216,Derrota,59,112,45
217,Derrota,59,113,45
218,Derrota,59,114,45
219,Vitoria,60,114,45
220,Derrota,60,115,45
221,Derrota,60,116,45
222,Derrota,60,117,45
223,Empate,60,117,46
224,Derrota,60,118,46
225,Vitoria,61,118,46
226,Derrota,61,119,46
227,Empate,61,119,47
228,Derrota,61,120,47
229,Vitoria,62,120,47
230,Derrota,62,121,47
231,Vitoria,63,121,47
232,Derrota,63,122,47
233,Derrota,63,123,47
234,Empate,63,123,48
235,Vitoria,64,123,48
236,Empate,64,123,49
237,Vitoria,65,123,49
238,Derrota,65,124,49
239,Vitoria,66,124,49
240,Derrota,66,125,49
241,Vitoria,67,125,49
242,Derrota,67,126,49
243,Vitoria,68,126,49
244,Empate,68,126,50
245,Derrota,68,127,50
246,Derrota,68,128,50
247,Vitoria,69,128,50
248,Derrota,69,129,50
249,Vitoria,70,129,50
250,Empate,70,129,51
251,Vitoria,71,129,51
252,Derrota,71,130,51
253,Vitoria,72,130,51
254,Empate,72,130,52
255,Derrota,72,131,52
256,Derrota,72,132,52
257,Empate,72,132,53
258,Derrota,72,133,53
259,Vitoria,73,133,53
260,Derrota,73,134,53
261,Derrota,73,135,53
262,Derrota,73,136,53
263,Vitoria,74,136,53
264,Derrota,74,137,53
265,Derrota,74,138,53
266,Derrota,74,139,53
267,Derrota,74,140,53
268,Empate,74,140,54
269,Vitoria,75,140,54
270,Derrota,75,141,54
271,Vitoria,76,141,54
272,Derrota,76,142,54
273,Vitoria,77,142,54
274,Empate,77,142,55
275,Vitoria,78,142,55
276,Derrota,78,143,55
277,Vitoria,79,143,55
278,Derrota,79,144,55
279,Vitoria,80,144,55
280,Derrota,80,145,55
281,Vitoria,81,145,55
282,Derrota,81,146,55
283,Vitoria,82,146,55
284,Empate,82,146,56
285,Vitoria,83,146,56
286,Empate,83,146,57
287,Vitoria,84,146,57
288,Derrota,84,147,57
289,Vitoria,85,147,57
290,Empate,85,147,58
291,Vitoria,86,147,58
292,Derrota,86,148,58
293,Empate,86,148,59
294,Empate,86,148,60
295,Vitoria,87,148,60
296,Empate,87,148,61
297,Vitoria,88,148,61
298,Empate,88,148,62
299,Vitoria,89,148,62
300,Empate,89,148,63
301,Vitoria,90,148,63
302,Derrota,90,149,63
303,Vitoria,91,149,63
304,Derrota,91,150,63
305,Vitoria,92,150,63
306,Derrota,92,151,63
307,Vitoria,93,151,63
308,Empate,93,151,64
309,Vitoria,94,151,64
310,Empate,94,151,65
311,Derrota,94,152,65
312,Derrota,94,153,65
313,Derrota,94,154,65
314,Derrota,94,155,65
315,Vitoria,95,155,65
316,Derrota,95,156,65
317,Vitoria,96,156,65
318,Empate,96,156,66
319,Vitoria,97,156,66
320,Derrota,97,157,66
321,Vitoria,98,157,66
322,Empate,98,157,67
323,Vitoria,99,157,67
324,Empate,99,157,68
325,Derrota,99,158,68
326,Derrota,99,159,68
327,Vitoria,100,159,68
328,Empate,100,159,69
329,Vitoria,101,159,69
330,Derrota,101,160,69
331,Vitoria,102,160,69
332,Derrota,102,161,69
333,Vitoria,103,161,69
334,Derrota,103,162,69
335,Vitoria,104,162,69
336,Derrota,104,163,69
337,Vitoria,105,163,69
338,Empate,105,163,70
339,Empate,105,163,71
340,Empate,105,163,72
341,Vitoria,106,163,72
342,Empate,106,163,73
343,Empate,106,163,74
344,Empate,106,163,75
345,Derrota,106,164,75
346,Derrota,106,165,75
347,Empate,106,165,76
348,Empate,106,165,77
349,Vitoria,107,165,77
350,Empate,107,165,78
351,Vitoria,108,165,78
352,Empate,108,165,79
353,Vitoria,109,165,79
354,Empate,109,165,80
355,Vitoria,110,165,80
356,Derrota,110,166,80
357,Empate,110,166,81
358,Empate,110,166,82
359,Derrota,110,167,82
360,Empate,110,167,83
361,Vitoria,111,167,83
362,Empate,111,167,84
363,Empate,111,167,85
364,Empate,111,167,86
365,Vitoria,112,167,86
366,Empate,112,167,87
367,Vitoria,113,167,87
368,Empate,113,167,88
369,Derrota,113,168,88
370,Empate,113,168,89
371,Vitoria,114,168,89
372,Empate,114,168,90
373,Empate,114,168,91
374,Empate,114,168,92
375,Vitoria,115,168,92
376,Derrota,115,169,92
377,Vitoria,116,169,92
378,Empate,116,169,93
379,Vitoria,117,169,93
380,Empate,117,169,94
381,Vitoria,118,169,94
382,Empate,118,169,95
383,Vitoria,119,169,95
384,Derrota,119,170,95
385,Vitoria,120,170,95
386,Empate,120,170,96
387,Vitoria,121,170,96
388,Empate,121,170,97
389,Vitoria,122,170,97
390,Empate,122,170,98
391,Vitoria,123,170,98
392,Empate,123,170,99
393,Vitoria,124,170,99
394,Derrota,124,171,99
395,Vitoria,125,171,99
396,Empate,125,171,100
397,Vitoria,126,171,100
398,Derrota,126,172,100
399,Vitoria,127,172,100
400,Empate,127,172,101
401,Derrota,127,173,101
402,Derrota,127,174,101
403,Vitoria,128,174,101
404,Empate,128,174,102
405,Vitoria,129,174,102
406,Derrota,129,175,102
407,Vitoria,130,175,102
408,Empate,130,175,103
409,Derrota,130,176,103
410,Empate,130,176,104
411,Vitoria,131,176,104
412,Derrota,131,177,104
413,Vitoria,132,177,104
414,Empate,132,177,105
415,Empate,132,177,106
416,Empate,132,177,107
417,Vitoria,133,177,107
418,Empate,133,177,108
419,Vitoria,134,177,108
420,Empate,134,177,109
421,Vitoria,135,177,109
422,Derrota,135,178,109
423,Derrota,135,179,109
424,Empate,135,179,110
425,Empate,135,179,111
426,Empate,135,179,112
427,Vitoria,136,179,112
428,Empate,136,179,113
429,Empate,136,179,114
430,Empate,136,179,115
431,Vitoria,137,179,115
432,Empate,137,179,116
433,Empate,137,179,117
434,Derrota,137,180,117
435,Vitoria,138,180,117
436,Empate,138,180,118
437,Vitoria,139,180,118
438,Derrota,139,181,118
439,Vitoria,140,181,118
440,Empate,140,181,119
441,Vitoria,141,181,119
442,Empate,141,181,120
443,Vitoria,142,181,120
444,Empate,142,181,121
445,Vitoria,143,181,121
446,Empate,143,181,122
447,Vitoria,144,181,122
448,Empate,144,181,123
449,Vitoria,145,181,123
450,Empate,145,181,124
451,Vitoria,146,181,124
452,Empate,146,181,125
453,Vitoria,147,181,125
454,Derrota,147,182,125
455,Empate,147,182,126
456,Empate,147,182,127
457,Derrota,147,183,127
458,Empate,147,183,128
459,Empate,147,183,129
460,Empate,147,183,130
461,Vitoria,148,183,130
462,Derrota,148,184,130
463,Vitoria,149,184,130
464,Derrota,149,185,130
465,Vitoria,150,185,130
466,Empate,150,185,131
467,Empate,150,185,132
468,Empate,150,185,133
469,Vitoria,151,185,133
470,Empate,151,185,134
471,Vitoria,152,185,134
472,Empate,152,185,135
473,Vitoria,153,185,135
474,Derrota,153,186,135
475,Vitoria,154,186,135
476,Empate,154,186,136
477,Vitoria,155,186,136
478,Empate,155,186,137
479,Empate,155,186,138
480,Empate,155,186,139
481,Vitoria,156,186,139
482,Empate,156,186,140
483,Vitoria,157,186,140
484,Derrota,157,187,140
485,Vitoria,158,187,140
486,Empate,158,187,141
487,Vitoria,159,187,141
488,Empate,159,187,142
489,Vitoria,160,187,142
490,Derrota,160,188,142
491,Vitoria,161,188,142
492,Empate,161,188,143
493,Derrota,161,189,143
494,Empate,161,189,144
495,Vitoria,162,189,144
496,Empate,162,189,145
497,Derrota,162,190,145
498,Empate,162,190,146
499,Empate,162,190,147
500,Empate,162,190,148
501,Vitoria,163,190,148
502,Empate,163,190,149
503,Vitoria,164,190,149
504,Derrota,164,191,149
505,Empate,164,191,150
506,Empate,164,191,151
507,Derrota,164,192,151
508,Derrota,164,193,151
509,Vitoria,165,193,151
510,Empate,165,193,152
511,Vitoria,166,193,152
512,Empate,166,193,153
513,Vitoria,167,193,153
514,Empate,167,193,154
515,Empate,167,193,155
516,Empate,167,193,156
517,Empate,167,193,157
518,Empate,167,193,158
519,Vitoria,168,193,158
520,Empate,168,193,159
521,Vitoria,169,193,159
522,Empate,169,193,160
523,Derrota,169,194,160
524,Empate,169,194,161
525,Vitoria,170,194,161
526,Empate,170,194,162
527,Vitoria,171,194,162
528,Empate,171,194,163
529,Vitoria,172,194,163
530,Empate,172,194,164
531,Vitoria,173,194,164
532,Empate,173,194,165
533,Derrota,173,195,165
534,Empate,173,195,166
535,Vitoria,174,195,166
536,Empate,174,195,167
537,Vitoria,175,195,167
538,Empate,175,195,168
539,Vitoria,176,195,168
540,Empate,176,195,169
541,Vitoria,177,195,169
542,Derrota,177,196,169
543,Vitoria,178,196,169
544,Empate,178,196,170
545,Vitoria,179,196,170
546,Empate,179,196,171
547,Vitoria,180,196,171
548,Empate,180,196,172
549,Vitoria,181,196,172
550,Empate,181,196,173
551,Vitoria,182,196,173
552,Empate,182,196,174
553,Vitoria,183,196,174
554,Empate,183,196,175
555,Vitoria,184,196,175
556,Empate,184,196,176
557,Vitoria,185,196,176
558,Empate,185,196,177
559,Vitoria,186,196,177
560,Empate,186,196,178
561,Vitoria,187,196,178
562,Empate,187,196,179
563,Vitoria,188,196,179
564,Empate,188,196,180
565,Derrota,188,197,180
566,Empate,188,197,181
567,Vitoria,189,197,181
568,Empate,189,197,182
569,Vitoria,190,197,182
570,Empate,190,197,183
571,Vitoria,191,197,183
572,Empate,191,197,184
573,Vitoria,192,197,184
574,Empate,192,197,185
575,Vitoria,193,197,185
576,Empate,193,197,186
577,Vitoria,194,197,186
578,Empate,194,197,187
579,Derrota,194,198,187
580,Empate,194,198,188
581,Derrota,194,199,188
582,Derrota,194,200,188
583,Empate,194,200,189
584,Empate,194,200,190
585,Vitoria,195,200,190
586,Empate,195,200,191
587,Vitoria,196,200,191
588,Empate,196,200,192
589,Empate,196,200,193
590,Empate,196,200,194
591,Vitoria,197,200,194
592,Empate,197,200,195
593,Vitoria,198,200,195
594,Empate,198,200,196
595,Vitoria,199,200,196
596,Empate,199,200,197
597,Vitoria,200,200,197
598,Empate,200,200,198
599,Derrota,200,201,198
600,Empate,200,201,199
601,Vitoria,201,201,199
602,Empate,201,201,200
603,Derrota,201,202,200
604,Empate,201,202,201
605,Empate,201,202,202
606,Empate,201,202,203
607,Vitoria,202,202,203
608,Empate,202,202,204
609,Vitoria,203,202,204
610,Empate,203,202,205
611,Vitoria,204,202,205
612,Empate,204,202,206
613,Vitoria,205,202,206
614,Empate,205,202,207
615,Derrota,205,203,207
616,Empate,205,203,208
617,Vitoria,206,203,208
618,Empate,206,203,209
619,Vitoria,207,203,209
620,Empate,207,203,210
621,Vitoria,208,203,210
622,Empate,208,203,211
623,Vitoria,209,203,211
624,Empate,209,203,212
625,Derrota,209,204,212
626,Empate,209,204,213
627,Empate,209,204,214
628,Empate,209,204,215
629,Vitoria,210,204,215
630,Empate,210,204,216
631,Vitoria,211,204,216
632,Empate,211,204,217
633,Vitoria,212,204,217
634,Empate,212,204,218
635,Vitoria,213,204,218
636,Derrota,213,205,218
637,Vitoria,214,205,218
638,Empate,214,205,219
639,Derrota,214,206,219
640,Empate,214,206,220
641,Vitoria,215,206,220
642,Empate,215,206,221
643,Empate,215,206,222
644,Empate,215,206,223
645,Vitoria,216,206,223
646,Empate,216,206,224
647,Empate,216,206,225
648,Empate,216,206,226
649,Vitoria,217,206,226
650,Empate,217,206,227
651,Vitoria,218,206,227
652,Empate,218,206,228
653,Derrota,218,207,228
654,Empate,218,207,229
655,Vitoria,219,207,229
656,Empate,219,207,230
657,Derrota,219,208,230
658,Empate,219,208,231
659,Vitoria,220,208,231
660,Empate,220,208,232
661,Vitoria,221,208,232
662,Empate,221,208,233
663,Vitoria,222,208,233
664,Empate,222,208,234
665,Derrota,222,209,234
666,Empate,222,209,235
667,Derrota,222,210,235
668,Empate,222,210,236
669,Vitoria,223,210,236
670,Derrota,223,211,236
671,Vitoria,224,211,236
672,Empate,224,211,237
673,Vitoria,225,211,237
674,Derrota,225,212,237
675,Vitoria,226,212,237
676,Empate,226,212,238
677,Vitoria,227,212,238
678,Derrota,227,213,238
679,Vitoria,228,213,238
680,Empate,228,213,239
681,Vitoria,229,213,239
682,Empate,229,213,240
683,Derrota,229,214,240
684,Empate,229,214,241
685,Vitoria,230,214,241
686,Empate,230,214,242
687,Derrota,230,215,242
688,Empate,230,215,243
689,Derrota,230,216,243
690,Empate,230,216,244
691,Vitoria,231,216,244
692,Empate,231,216,245
693,Derrota,231,217,245
694,Empate,231,217,246
695,Empate,231,217,247
696,Derrota,231,218,247
697,Vitoria,232,218,247
698,Empate,232,218,248
699,Vitoria,233,218,248
700,Empate,233,218,249
701,Vitoria,234,218,249
702,Empate,234,218,250
703,Empate,234,218,251
704,Empate,234,218,252
705,Vitoria,235,218,252
706,Empate,235,218,253
707,Vitoria,236,218,253
708,Empate,236,218,254
709,Vitoria,237,218,254
710,Empate,237,218,255
711,Vitoria,238,218,255
712,Empate,238,218,256
713,Vitoria,239,218,256
714,Empate,239,218,257
715,Vitoria,240,218,257
716,Empate,240,218,258
717,Vitoria,241,218,258
718,Empate,241,218,259
719,Vitoria,242,218,259
720,Empate,242,218,260
721,Vitoria,243,218,260
722,Empate,243,218,261
723,Vitoria,244,218,261
724,Empate,244,218,262
725,Empate,244,218,263
726,Empate,244,218,264
727,Vitoria,245,218,264
728,Empate,245,218,265
729,Empate,245,218,266
730,Empate,245,218,267
731,Derrota,245,219,267
732,Empate,245,219,268
733,Vitoria,246,219,268
734,Empate,246,219,269
735,Empate,246,219,270
736,Empate,246,219,271
737,Vitoria,247,219,271
738,Derrota,247,220,271
739,Empate,247,220,272
740,Empate,247,220,273
741,Vitoria,248,220,273
742,Empate,248,220,274
743,Vitoria,249,220,274
744,Empate,249,220,275
745,Vitoria,250,220,275
746,Empate,250,220,276
747,Vitoria,251,220,276
748,Empate,251,220,277
749,Vitoria,252,220,277
750,Empate,252,220,278
751,Vitoria,253,220,278
752,Empate,253,220,279
753,Empate,253,220,280
754,Empate,253,220,281
755,Empate,253,220,282
756,Empate,253,220,283
757,Vitoria,254,220,283
758,Empate,254,220,284
759,Vitoria,255,220,284
760,Derrota,255,221,284
761,Vitoria,256,221,284
762,Derrota,256,222,284
763,Derrota,256,223,284
764,Empate,256,223,285
765,Vitoria,257,223,285
766,Empate,257,223,286
767,Vitoria,258,223,286
768,Empate,258,223,287
769,Derrota,258,224,287
770,Empate,258,224,288
771,Vitoria,259,224,288
772,Empate,259,224,289
773,Empate,259,224,290
774,Empate,259,224,291
775,Vitoria,260,224,291
776,Empate,260,224,292
777,Vitoria,261,224,292
778,Empate,261,224,293
779,Vitoria,262,224,293
780,Empate,262,224,294
781,Vitoria,263,224,294
782,Empate,263,224,295
783,Empate,263,224,296
784,Empate,263,224,297
785,Vitoria,264,224,297
786,Empate,264,224,298
787,Vitoria,265,224,298
788,Empate,265,224,299
789,Vitoria,266,224,299
790,Empate,266,224,300
791,Vitoria,267,224,300
792,Derrota,267,225,300
793,Vitoria,268,225,300
794,Derrota,268,226,300
795,Empate,268,226,301
796,Derrota,268,227,301
797,Vitoria,269,227,301
798,Empate,269,227,302
799,Empate,269,227,303
800,Empate,269,227,304
801,Vitoria,270,227,304
802,Empate,270,227,305
803,Vitoria,271,227,305
804,Empate,271,227,306
805,Vitoria,272,227,306
806,Empate,272,227,307
807,Derrota,272,228,307
808,Empate,272,228,308
809,Empate,272,228,309
810,Empate,272,228,310
811,Empate,272,228,311
812,Empate,272,228,312
813,Vitoria,273,228,312
814,Derrota,273,229,312
815,Vitoria,274,229,312
816,Empate,274,229,313
817,Vitoria,275,229,313
818,Empate,275,229,314
819,Vitoria,276,229,314
820,Derrota,276,230,314
821,Derrota,276,231,314
822,Empate,276,231,315
823,Vitoria,277,231,315
824,Empate,277,231,316
825,Vitoria,278,231,316
826,Derrota,278,232,316
827,Derrota,278,233,316
828,Empate,278,233,317
829,Vitoria,279,233,317
830,Empate,279,233,318
831,Vitoria,280,233,318
832,Empate,280,233,319
833,Vitoria,281,233,319
834,Empate,281,233,320
835,Vitoria,282,233,320
836,Derrota,282,234,320
837,Vitoria,283,234,320
838,Empate,283,234,321
839,Vitoria,284,234,321
840,Empate,284,234,322
841,Vitoria,285,234,322
842,Empate,285,234,323
843,Vitoria,286,234,323
844,Empate,286,234,324
845,Derrota,286,235,324
846,Empate,286,235,325
847,Derrota,286,236,325
848,Empate,286,236,326
849,Vitoria,287,236,326
850,Empate,287,236,327
851,Vitoria,288,236,327
852,Empate,288,236,328
853,Vitoria,289,236,328
854,Empate,289,236,329
855,Vitoria,290,236,329
856,Derrota,290,237,329
857,Vitoria,291,237,329
858,Empate,291,237,330
859,Vitoria,292,237,330
860,Empate,292,237,331
861,Vitoria,293,237,331
862,Empate,293,237,332
863,Vitoria,294,237,332
864,Empate,294,237,333
865,Vitoria,295,237,333
866,Empate,295,237,334
867,Derrota,295,238,334
868,Empate,295,238,335
869,Vitoria,296,238,335
870,Empate,296,238,336
871,Vitoria,297,238,336
872,Empate,297,238,337
873,Vitoria,298,238,337
874,Empate,298,238,338
875,Vitoria,299,238,338
876,Empate,299,238,339
877,Derrota,299,239,339
878,Empate,299,239,340
879,Vitoria,300,239,340
880,Empate,300,239,341
881,Vitoria,301,239,341
882,Empate,301,239,342
883,Vitoria,302,239,342
884,Empate,302,239,343
885,Vitoria,303,239,343
886,Empate,303,239,344
887,Vitoria,304,239,344
888,Empate,304,239,345
889,Vitoria,305,239,345
890,Empate,305,239,346
891,Vitoria,306,239,346
892,Derrota,306,240,346
893,Vitoria,307,240,346
894,Empate,307,240,347
895,Derrota,307,241,347
896,Empate,307,241,348
897,Vitoria,308,241,348
898,Empate,308,241,349
899,Vitoria,309,241,349
900,Empate,309,241,350
901,Vitoria,310,241,350
902,Empate,310,241,351
903,Vitoria,311,241,351
904,Empate,311,241,352
905,Vitoria,312,241,352
906,Derrota,312,242,352
907,Empate,312,242,353
908,Empate,312,242,354
909,Derrota,312,243,354
910,Empate,312,243,355
911,Empate,312,243,356
912,Empate,312,243,357
913,Empate,312,243,358
914,Empate,312,243,359
915,Vitoria,313,243,359
916,Empate,313,243,360
917,Vitoria,314,243,360
918,Empate,314,243,361
919,Vitoria,315,243,361
920,Empate,315,243,362
921,Vitoria,316,243,362
922,Empate,316,243,363
923,Empate,316,243,364
924,Empate,316,243,365
925,Derrota,316,244,365
926,Empate,316,244,366
927,Vitoria,317,244,366
928,Empate,317,244,367
929,Vitoria,318,244,367
930,Empate,318,244,368
931,Empate,318,244,369
932,Empate,318,244,370
933,Vitoria,319,244,370
934,Empate,319,244,371
935,Vitoria,320,244,371
936,Derrota,320,245,371
937,Vitoria,321,245,371
938,Empate,321,245,372
939,Vitoria,322,245,372
940,Derrota,322,246,372
941,Empate,322,246,373
942,Empate,322,246,374
943,Vitoria,323,246,374
944,Empate,323,246,375
945,Vitoria,324,246,375
946,Empate,324,246,376
947,Derrota,324,247,376
948,Empate,324,247,377
949,Vitoria,325,247,377
950,Empate,325,247,378
951,Vitoria,326,247,378
952,Empate,326,247,379
953,Vitoria,327,247,379
954,Derrota,327,248,379
955,Vitoria,328,248,379
956,Empate,328,248,380
957,Vitoria,329,248,380
958,Empate,329,248,381
959,Vitoria,330,248,381
960,Empate,330,248,382
961,Vitoria,331,248,382
962,Empate,331,248,383
963,Vitoria,332,248,383
964,Derrota,332,249,383
965,Vitoria,333,249,383
966,Empate,333,249,384
967,Vitoria,334,249,384
968,Empate,334,249,385
969,Vitoria,335,249,385
970,Derrota,335,250,385
971,Vitoria,336,250,385
972,Empate,336,250,386
973,Vitoria,337,250,386
974,Empate,337,250,387
975,Vitoria,338,250,387
976,Empate,338,250,388
977,Vitoria,339,250,388
978,Empate,339,250,389
979,Vitoria,340,250,389
980,Empate,340,250,390
981,Vitoria,341,250,390
982,Empate,341,250,391
983,Vitoria,342,250,391
984,Empate,342,250,392
985,Vitoria,343,250,392
986,Empate,343,250,393
987,Empate,343,250,394
988,Empate,343,250,395
989,Vitoria,344,250,395
990,Empate,344,250,396
991,Vitoria,345,250,396
992,Empate,345,250,397
993,Vitoria,346,250,397
994,Empate,346,250,398
995,Vitoria,347,250,398
996,Empate,347,250,399
997,Derrota,347,251,399
998,Empate,347,251,400
999,Derrota,347,252,400
1000,Empate,347,252,401
1001,Derrota,347,253,401
1002,Empate,347,253,402
1003,Vitoria,348,253,402
1004,Empate,348,253,403
1005,Derrota,348,254,403
1006,Empate,348,254,404
1007,Vitoria,349,254,404
1008,Empate,349,254,405
1009,Vitoria,350,254,405
1010,Empate,350,254,406
1011,Vitoria,351,254,406
1012,Empate,351,254,407
1013,Vitoria,352,254,407
1014,Empate,352,254,408
1015,Vitoria,353,254,408
1016,Empate,353,254,409
1017,Derrota,353,255,409
1018,Empate,353,255,410
1019,Vitoria,354,255,410
1020,Empate,354,255,411
1021,Vitoria,355,255,411
1022,Empate,355,255,412
1023,Empate,355,255,413
1024,Derrota,355,256,413
1025,Derrota,355,257,413
1026,Empate,355,257,414
1027,Vitoria,356,257,414
1028,Derrota,356,258,414
1029,Vitoria,357,258,414
1030,Empate,357,258,415
1031,Empate,357,258,416
1032,Empate,357,258,417
1033,Vitoria,358,258,417
1034,Empate,358,258,418
1035,Vitoria,359,258,418
1036,Empate,359,258,419
1037,Empate,359,258,420
1038,Derrota,359,259,420
1039,Empate,359,259,421
1040,Empate,359,259,422
1041,Vitoria,360,259,422
1042,Empate,360,259,423
1043,Empate,360,259,424
1044,Derrota,360,260,424
1045,Vitoria,361,260,424
1046,Empate,361,260,425
1047,Vitoria,362,260,425
1048,Empate,362,260,426
1049,Empate,362,260,427
1050,Empate,362,260,428
1051,Vitoria,363,260,428
1052,Derrota,363,261,428
1053,Derrota,363,262,428
1054,Empate,363,262,429
1055,Vitoria,364,262,429
1056,Empate,364,262,430
1057,Derrota,364,263,430
1058,Derrota,364,264,430
1059,Vitoria,365,264,430
1060,Empate,365,264,431
1061,Vitoria,366,264,431
1062,Empate,366,264,432
1063,Empate,366,264,433
1064,Empate,366,264,434
1065,Vitoria,367,264,434
1066,Empate,367,264,435
1067,Vitoria,368,264,435
1068,Empate,368,264,436
1069,Vitoria,369,264,436
1070,Empate,369,264,437
1071,Vitoria,370,264,437
1072,Derrota,370,265,437
1073,Vitoria,371,265,437
1074,Empate,371,265,438
1075,Vitoria,372,265,438
1076,Empate,372,265,439
1077,Vitoria,373,265,439
1078,Empate,373,265,440
1079,Vitoria,374,265,440
1080,Empate,374,265,441
1081,Vitoria,375,265,441
1082,Empate,375,265,442
1083,Vitoria,376,265,442
1084,Empate,376,265,443
1085,Vitoria,377,265,443
1086,Derrota,377,266,443
1087,Vitoria,378,266,443
1088,Empate,378,266,444
1089,Vitoria,379,266,444
1090,Empate,379,266,445
1091,Vitoria,380,266,445
1092,Empate,380,266,446
1093,Vitoria,381,266,446
1094,Empate,381,266,447
1095,Vitoria,382,266,447
1096,Empate,382,266,448
1097,Vitoria,383,266,448
1098,Empate,383,266,449
1099,Empate,383,266,450
1100,Derrota,383,267,450
1101,Vitoria,384,267,450
1102,Empate,384,267,451
1103,Vitoria,385,267,451
1104,Empate,385,267,452
1105,Empate,385,267,453
1106,Empate,385,267,454
1107,Empate,385,267,455
1108,Empate,385,267,456
1109,Empate,385,267,457
1110,Empate,385,267,458
1111,Vitoria,386,267,458
1112,Empate,386,267,459
1113,Vitoria,387,267,459
1114,Empate,387,267,460
1115,Vitoria,388,267,460
1116,Empate,388,267,461
1117,Vitoria,389,267,461
1118,Empate,389,267,462
1119,Vitoria,390,267,462
1120,Empate,390,267,463
1121,Vitoria,391,267,463
1122,Derrota,391,268,463
1123,Vitoria,392,268,463
1124,Empate,392,268,464
1125,Vitoria,393,268,464
1126,Empate,393,268,465
1127,Vitoria,394,268,465
1128,Empate,394,268,466
1129,Vitoria,395,268,466
1130,Empate,395,268,467
1131,Vitoria,396,268,467
1132,Empate,396,268,468
1133,Derrota,396,269,468
1134,Empate,396,269,469
1135,Vitoria,397,269,469
1136,Empate,397,269,470
1137,Vitoria,398,269,470
1138,Empate,398,269,471
1139,Vitoria,399,269,471
1140,Derrota,399,270,471
1141,Vitoria,400,270,471
1142,Empate,400,270,472
1143,Vitoria,401,270,472
1144,Empate,401,270,473
1145,Empate,401,270,474
1146,Empate,401,270,475
1147,Empate,401,270,476
1148,Empate,401,270,477
1149,Vitoria,402,270,477
1150,Empate,402,270,478
1151,Empate,402,270,479
1152,Empate,402,270,480
1153,Derrota,402,271,480
1154,Empate,402,271,481
1155,Vitoria,403,271,481
1156,Empate,403,271,482
1157,Vitoria,404,271,482
1158,Empate,404,271,483
1159,Vitoria,405,271,483
1160,Empate,405,271,484
1161,Vitoria,406,271,484
1162,Empate,406,271,485
1163,Vitoria,407,271,485
1164,Derrota,407,272,485
1165,Vitoria,408,272,485
1166,Derrota,408,273,485
1167,Vitoria,409,273,485
1168,Empate,409,273,486
1169,Vitoria,410,273,486
1170,Empate,410,273,487
1171,Vitoria,411,273,487
1172,Empate,411,273,488
1173,Derrota,411,274,488
1174,Empate,411,274,489
1175,Empate,411,274,490
1176,Empate,411,274,491
1177,Derrota,411,275,491
1178,Empate,411,275,492
1179,Vitoria,412,275,492
1180,Empate,412,275,493
1181,Vitoria,413,275,493
1182,Empate,413,275,494
1183,Derrota,413,276,494
1184,Empate,413,276,495
1185,Vitoria,414,276,495
1186,Derrota,414,277,495
1187,Vitoria,415,277,495
1188,Empate,415,277,496
1189,Vitoria,416,277,496
1190,Empate,416,277,497
1191,Vitoria,417,277,497
1192,Empate,417,277,498
1193,Empate,417,277,499
1194,Empate,417,277,500
1195,Vitoria,418,277,500
1196,Derrota,418,278,500
1197,Derrota,418,279,500
1198,Empate,418,279,501
1199,Vitoria,419,279,501
1200,Derrota,419,280,501
1201,Vitoria,420,280,501
1202,Empate,420,280,502
1203,Vitoria,421,280,502
1204,Empate,421,280,503
1205,Vitoria,422,280,503
1206,Empate,422,280,504
1207,Vitoria,423,280,504
1208,Empate,423,280,505
1209,Vitoria,424,280,505
1210,Empate,424,280,506
1211,Vitoria,425,280,506
1212,Empate,425,280,507
1213,Vitoria,426,280,507
1214,Empate,426,280,508
1215,Vitoria,427,280,508
1216,Empate,427,280,509
1217,Vitoria,428,280,509
1218,Empate,428,280,510
1219,Empate,428,280,511
1220,Empate,428,280,512
1221,Vitoria,429,280,512
1222,Empate,429,280,513
1223,Vitoria,430,280,513
1224,Derrota,430,281,513
1225,Vitoria,431,281,513
1226,Empate,431,281,514
1227,Vitoria,432,281,514
1228,Empate,432,281,515
1229,Vitoria,433,281,515
1230,Derrota,433,282,515
1231,Vitoria,434,282,515
1232,Derrota,434,283,515
1233,Derrota,434,284,515
1234,Derrota,434,285,515
1235,Vitoria,435,285,515
1236,Empate,435,285,516
1237,Vitoria,436,285,516
1238,Empate,436,285,517
1239,Vitoria,437,285,517
1240,Derrota,437,286,517
1241,Vitoria,438,286,517
1242,Empate,438,286,518
1243,Vitoria,439,286,518
1244,Empate,439,286,519
1245,Derrota,439,287,519
1246,Empate,439,287,520
1247,Vitoria,440,287,520
1248,Empate,440,287,521
1249,Vitoria,441,287,521
1250,Empate,441,287,522
1251,Derrota,441,288,522
1252,Empate,441,288,523
1253,Vitoria,442,288,523
1254,Empate,442,288,524
1255,Vitoria,443,288,524
1256,Derrota,443,289,524
1257,Derrota,443,290,524
1258,Empate,443,290,525
1259,Vitoria,444,290,525
1260,Empate,444,290,526
1261,Vitoria,445,290,526
1262,Empate,445,290,527
1263,Vitoria,446,290,527
1264,Empate,446,290,528
1265,Vitoria,447,290,528
1266,Empate,447,290,529
1267,Vitoria,448,290,529
1268,Empate,448,290,530
1269,Vitoria,449,290,530
1270,Empate,449,290,531
1271,Vitoria,450,290,531
1272,Empate,450,290,532
1273,Vitoria,451,290,532
1274,Empate,451,290,533
1275,Empate,451,290,534
1276,Empate,451,290,535
1277,Vitoria,452,290,535
1278,Empate,452,290,536
1279,Vitoria,453,290,536
1280,Empate,453,290,537
1281,Vitoria,454,290,537
1282,Empate,454,290,538
1283,Vitoria,455,290,538
1284,Empate,455,290,539
1285,Vitoria,456,290,539
1286,Empate,456,290,540
1287,Vitoria,457,290,540
1288,Empate,457,290,541
1289,Derrota,457,291,541
1290,Empate,457,291,542
1291,Derrota,457,292,542
1292,Empate,457,292,543
1293,Vitoria,458,292,543
1294,Empate,458,292,544
1295,Vitoria,459,292,544
1296,Empate,459,292,545
1297,Empate,459,292,546
1298,Empate,459,292,547
1299,Vitoria,460,292,547
1300,Empate,460,292,548
1301,Vitoria,461,292,548
1302,Empate,461,292,549
1303,Vitoria,462,292,549
1304,Empate,462,292,550
1305,Vitoria,463,292,550
1306,Empate,463,292,551
1307,Vitoria,464,292,551
1308,Empate,464,292,552
1309,Vitoria,465,292,552
1310,Empate,465,292,553
1311,Derrota,465,293,553
1312,Empate,465,293,554
1313,Vitoria,466,293,554
1314,Empate,466,293,555
1315,Vitoria,467,293,555
1316,Empate,467,293,556
1317,Vitoria,468,293,556
1318,Empate,468,293,557
1319,Vitoria,469,293,557
1320,Empate,469,293,558
1321,Vitoria,470,293,558
1322,Empate,470,293,559
1323,Vitoria,471,293,559
1324,Empate,471,293,560
1325,Vitoria,472,293,560
1326,Empate,472,293,561
1327,Derrota,472,294,561
1328,Derrota,472,295,561
1329,Vitoria,473,295,561
1330,Empate,473,295,562
1331,Derrota,473,296,562
1332,Empate,473,296,563
1333,Vitoria,474,296,563
1334,Empate,474,296,564
1335,Derrota,474,297,564
1336,Empate,474,297,565
1337,Vitoria,475,297,565
1338,Empate,475,297,566
1339,Empate,475,297,567
1340,Empate,475,297,568
1341,Derrota,475,298,568
1342,Empate,475,298,569
1343,Empate,475,298,570
1344,Empate,475,298,571
1345,Vitoria,476,298,571
1346,Empate,476,298,572
1347,Vitoria,477,298,572
1348,Empate,477,298,573
1349,Vitoria,478,298,573
1350,Empate,478,298,574
1351,Vitoria,479,298,574
1352,Empate,479,298,575
1353,Vitoria,480,298,575
1354,Empate,480,298,576
1355,Vitoria,481,298,576
1356,Empate,481,298,577
1357,Vitoria,482,298,577
1358,Empate,482,298,578
1359,Vitoria,483,298,578
1360,Empate,483,298,579
1361,Vitoria,484,298,579
1362,Empate,484,298,580
1363,Derrota,484,299,580
1364,Empate,484,299,581
1365,Vitoria,485,299,581
1366,Empate,485,299,582
1367,Vitoria,486,299,582
1368,Empate,486,299,583
1369,Derrota,486,300,583
1370,Empate,486,300,584
1371,Empate,486,300,585
1372,Empate,486,300,586
1373,Vitoria,487,300,586
1374,Empate,487,300,587
1375,Vitoria,488,300,587
1376,Empate,488,300,588
1377,Vitoria,489,300,588
1378,Derrota,489,301,588
1379,Derrota,489,302,588
1380,Empate,489,302,589
1381,Derrota,489,303,589
1382,Empate,489,303,590
1383,Derrota,489,304,590
1384,Empate,489,304,591
1385,Vitoria,490,304,591
1386,Derrota,490,305,591
1387,Vitoria,491,305,591
1388,Derrota,491,306,591
1389,Vitoria,492,306,591
1390,Empate,492,306,592
1391,Vitoria,493,306,592
1392,Empate,493,306,593
1393,Vitoria,494,306,593
1394,Empate,494,306,594
1395,Vitoria,495,306,594
1396,Empate,495,306,595
1397,Empate,495,306,596
1398,Empate,495,306,597
1399,Empate,495,306,598
1400,Empate,495,306,599
1401,Vitoria,496,306,599
1402,Empate,496,306,600
1403,Empate,496,306,601
1404,Derrota,496,307,601
1405,Derrota,496,308,601
1406,Derrota,496,309,601
1407,Vitoria,497,309,601
1408,Empate,497,309,602
1409,Vitoria,498,309,602
1410,Derrota,498,310,602
1411,Vitoria,499,310,602
1412,Empate,499,310,603
1413,Vitoria,500,310,603
1414,Empate,500,310,604
1415,Empate,500,310,605
1416,Empate,500,310,606
1417,Vitoria,501,310,606
1418,Empate,501,310,607
1419,Empate,501,310,608
1420,Empate,501,310,609
1421,Vitoria,502,310,609
1422,Empate,502,310,610
1423,Vitoria,503,310,610
1424,Empate,503,310,611
1425,Empate,503,310,612
1426,Empate,503,310,613
1427,Vitoria,504,310,613
1428,Derrota,504,311,613
1429,Vitoria,505,311,613
1430,Empate,505,311,614
1431,Vitoria,506,311,614
1432,Empate,506,311,615
1433,Vitoria,507,311,615
1434,Derrota,507,312,615
1435,Empate,507,312,616
1436,Empate,507,312,617
1437,Vitoria,508,312,617
1438,Empate,508,312,618
1439,Vitoria,509,312,618
1440,Empate,509,312,619
1441,Empate,509,312,620
1442,Derrota,509,313,620
1443,Vitoria,510,313,620
1444,Empate,510,313,621
1445,Vitoria,511,313,621
1446,Empate,511,313,622
1447,Vitoria,512,313,622
1448,Empate,512,313,623
1449,Vitoria,513,313,623
1450,Empate,513,313,624
1451,Vitoria,514,313,624
1452,Empate,514,313,625
1453,Empate,514,313,626
1454,Empate,514,313,627
1455,Vitoria,515,313,627
1456,Empate,515,313,628
1457,Vitoria,516,313,628
1458,Empate,516,313,629
1459,Vitoria,517,313,629
1460,Empate,517,313,630
1461,Vitoria,518,313,630
1462,Empate,518,313,631
1463,Derrota,518,314,631
1464,Empate,518,314,632
1465,Vitoria,519,314,632
1466,Derrota,519,315,632
1467,Vitoria,520,315,632
1468,Empate,520,315,633
1469,Vitoria,521,315,633
1470,Derrota,521,316,633
1471,Vitoria,522,316,633
1472,Empate,522,316,634
1473,Vitoria,523,316,634
1474,Empate,523,316,635
1475,Vitoria,524,316,635
1476,Empate,524,316,636
1477,Empate,524,316,637
1478,Empate,524,316,638
1479,Vitoria,525,316,638
1480,Empate,525,316,639
1481,Vitoria,526,316,639
1482,Derrota,526,317,639
1483,Vitoria,527,317,639
1484,Derrota,527,318,639
1485,Vitoria,528,318,639
1486,Empate,528,318,640
1487,Vitoria,529,318,640
1488,Derrota,529,319,640
1489,Vitoria,530,319,640
1490,Empate,530,319,641
1491,Vitoria,531,319,641
1492,Empate,531,319,642
1493,Vitoria,532,319,642
1494,Derrota,532,320,642
1495,Empate,532,320,643
1496,Empate,532,320,644
1497,Vitoria,533,320,644
1498,Empate,533,320,645
1499,Vitoria,534,320,645
1500,Empate,534,320,646
1501,Vitoria,535,320,646
1502,Empate,535,320,647
1503,Empate,535,320,648
1504,Derrota,535,321,648
1505,Vitoria,536,321,648
1506,Empate,536,321,649
1507,Vitoria,537,321,649
1508,Derrota,537,322,649
1509,Vitoria,538,322,649
1510,Empate,538,322,650
1511,Empate,538,322,651
1512,Empate,538,322,652
1513,Vitoria,539,322,652
1514,Empate,539,322,653
1515,Vitoria,540,322,653
1516,Empate,540,322,654
1517,Vitoria,541,322,654
1518,Empate,541,322,655
1519,Vitoria,542,322,655
1520,Empate,542,322,656
1521,Vitoria,543,322,656
1522,Derrota,543,323,656
1523,Vitoria,544,323,656
1524,Empate,544,323,657
1525,Empate,544,323,658
1526,Empate,544,323,659
1527,Vitoria,545,323,659
1528,Derrota,545,324,659
1529,Vitoria,546,324,659
1530,Empate,546,324,660
1531,Vitoria,547,324,660
1532,Empate,547,324,661
1533,Vitoria,548,324,661
1534,Empate,548,324,662
1535,Vitoria,549,324,662
1536,Derrota,549,325,662
1537,Derrota,549,326,662
1538,Empate,549,326,663
1539,Vitoria,550,326,663
1540,Empate,550,326,664
1541,Vitoria,551,326,664
1542,Empate,551,326,665
1543,Empate,551,326,666
1544,Empate,551,326,667
1545,Vitoria,552,326,667
1546,Empate,552,326,668
1547,Vitoria,553,326,668
1548,Empate,553,326,669
1549,Derrota,553,327,669
1550,Empate,553,327,670
1551,Vitoria,554,327,670
1552,Empate,554,327,671
1553,Vitoria,555,327,671
1554,Empate,555,327,672
1555,Vitoria,556,327,672
1556,Derrota,556,328,672
1557,Vitoria,557,328,672
1558,Empate,557,328,673
1559,Vitoria,558,328,673
1560,Empate,558,328,674
1561,Vitoria,559,328,674
1562,Empate,559,328,675
1563,Vitoria,560,328,675
1564,Empate,560,328,676
1565,Derrota,560,329,676
1566,Derrota,560,330,676
1567,Vitoria,561,330,676
1568,Empate,561,330,677
1569,Vitoria,562,330,677
1570,Empate,562,330,678
1571,Vitoria,563,330,678
1572,Empate,563,330,679
1573,Vitoria,564,330,679
1574,Empate,564,330,680
1575,Vitoria,565,330,680
1576,Empate,565,330,681
1577,Derrota,565,331,681
1578,Empate,565,331,682
1579,Vitoria,566,331,682
1580,Empate,566,331,683
1581,Vitoria,567,331,683
1582,Empate,567,331,684
1583,Vitoria,568,331,684
1584,Empate,568,331,685
1585,Vitoria,569,331,685
1586,Empate,569,331,686
1587,Vitoria,570,331,686
1588,Empate,570,331,687
1589,Vitoria,571,331,687
1590,Derrota,571,332,687
1591,Vitoria,572,332,687
1592,Empate,572,332,688
1593,Vitoria,573,332,688
1594,Empate,573,332,689
1595,Derrota,573,333,689
1596,Empate,573,333,690
1597,Vitoria,574,333,690
1598,Empate,574,333,691
1599,Vitoria,575,333,691
1600,Empate,575,333,692
1601,Vitoria,576,333,692
1602,Empate,576,333,693
1603,Vitoria,577,333,693
1604,Empate,577,333,694
1605,Vitoria,578,333,694
1606,Derrota,578,334,694
1607,Vitoria,579,334,694
1608,Empate,579,334,695
1609,Vitoria,580,334,695
1610,Empate,580,334,696
1611,Vitoria,581,334,696
1612,Empate,581,334,697
1613,Empate,581,334,698
1614,Derrota,581,335,698
1615,Vitoria,582,335,698
1616,Empate,582,335,699
1617,Empate,582,335,700
1618,Empate,582,335,701
1619,Empate,582,335,702
1620,Empate,582,335,703
1621,Vitoria,583,335,703
1622,Derrota,583,336,703
1623,Vitoria,584,336,703
1624,Empate,584,336,704
1625,Vitoria,585,336,704
1626,Derrota,585,337,704
1627,Vitoria,586,337,704
1628,Empate,586,337,705
1629,Derrota,586,338,705
1630,Empate,586,338,706
1631,Vitoria,587,338,706
1632,Empate,587,338,707
1633,Vitoria,588,338,707
1634,Empate,588,338,708
1635,Vitoria,589,338,708
1636,Empate,589,338,709
1637,Vitoria,590,338,709
1638,Empate,590,338,710
1639,Vitoria,591,338,710
1640,Empate,591,338,711
1641,Vitoria,592,338,711
1642,Empate,592,338,712
1643,Derrota,592,339,712
1644,Empate,592,339,713
1645,Derrota,592,340,713
1646,Empate,592,340,714
1647,Vitoria,593,340,714
1648,Derrota,593,341,714
1649,Vitoria,594,341,714
1650,Empate,594,341,715
1651,Vitoria,595,341,715
1652,Empate,595,341,716
1653,Vitoria,596,341,716
1654,Empate,596,341,717
1655,Vitoria,597,341,717
1656,Empate,597,341,718
1657,Vitoria,598,341,718
1658,Empate,598,341,719
1659,Vitoria,599,341,719
1660,Empate,599,341,720
1661,Vitoria,600,341,720
1662,Empate,600,341,721
1663,Vitoria,601,341,721
1664,Empate,601,341,722
1665,Vitoria,602,341,722
1666,Empate,602,341,723
1667,Derrota,602,342,723
1668,Empate,602,342,724
1669,Vitoria,603,342,724
1670,Empate,603,342,725
1671,Derrota,603,343,725
1672,Derrota,603,344,725
1673,Vitoria,604,344,725
1674,Empate,604,344,726
1675,Vitoria,605,344,726
1676,Empate,605,344,727
1677,Vitoria,606,344,727
1678,Empate,606,344,728
1679,Empate,606,344,729
1680,Empate,606,344,730
1681,Empate,606,344,731
1682,Empate,606,344,732
1683,Vitoria,607,344,732
1684,Derrota,607,345,732
1685,Vitoria,608,345,732
1686,Empate,608,345,733
1687,Vitoria,609,345,733
1688,Empate,609,345,734
1689,Vitoria,610,345,734
1690,Empate,610,345,735
1691,Derrota,610,346,735
1692,Empate,610,346,736
1693,Vitoria,611,346,736
1694,Empate,611,346,737
1695,Derrota,611,347,737
1696,Empate,611,347,738
1697,Derrota,611,348,738
1698,Empate,611,348,739
1699,Vitoria,612,348,739
1700,Empate,612,348,740
1701,Empate,612,348,741
1702,Empate,612,348,742
1703,Vitoria,613,348,742
1704,Empate,613,348,743
1705,Empate,613,348,744
1706,Empate,613,348,745
1707,Vitoria,614,348,745
1708,Empate,614,348,746
1709,Vitoria,615,348,746
1710,Empate,615,348,747
1711,Vitoria,616,348,747
1712,Empate,616,348,748
1713,Vitoria,617,348,748
1714,Empate,617,348,749
1715,Vitoria,618,348,749
1716,Empate,618,348,750
1717,Vitoria,619,348,750
1718,Empate,619,348,751
1719,Empate,619,348,752
1720,Empate,619,348,753
1721,Empate,619,348,754
1722,Empate,619,348,755
1723,Vitoria,620,348,755
1724,Empate,620,348,756
1725,Derrota,620,349,756
1726,Empate,620,349,757
1727,Vitoria,621,349,757
1728,Empate,621,349,758
1729,Vitoria,622,349,758
1730,Empate,622,349,759
1731,Vitoria,623,349,759
1732,Empate,623,349,760
1733,Vitoria,624,349,760
1734,Empate,624,349,761
1735,Vitoria,625,349,761
1736,Empate,625,349,762
1737,Empate,625,349,763
1738,Empate,625,349,764
1739,Empate,625,349,765
1740,Empate,625,349,766
1741,Vitoria,626,349,766
1742,Empate,626,349,767
1743,Empate,626,349,768
1744,Empate,626,349,769
1745,Vitoria,627,349,769
1746,Empate,627,349,770
1747,Empate,627,349,771
1748,Empate,627,349,772
1749,Vitoria,628,349,772
1750,Empate,628,349,773
1751,Vitoria,629,349,773
1752,Empate,629,349,774
1753,Vitoria,630,349,774
1754,Derrota,630,350,774
1755,Vitoria,631,350,774
1756,Empate,631,350,775
1757,Vitoria,632,350,775
1758,Empate,632,350,776
1759,Derrota,632,351,776
1760,Empate,632,351,777
1761,Empate,632,351,778
1762,Empate,632,351,779
1763,Vitoria,633,351,779
1764,Empate,633,351,780
1765,Vitoria,634,351,780
1766,Empate,634,351,781
1767,Vitoria,635,351,781
1768,Empate,635,351,782
1769,Vitoria,636,351,782
1770,Empate,636,351,783
1771,Vitoria,637,351,783
1772,Empate,637,351,784
1773,Derrota,637,352,784
1774,Empate,637,352,785
1775,Derrota,637,353,785
1776,Empate,637,353,786
1777,Empate,637,353,787
1778,Empate,637,353,788
1779,Vitoria,638,353,788
1780,Empate,638,353,789
1781,Vitoria,639,353,789
1782,Empate,639,353,790
1783,Vitoria,640,353,790
1784,Empate,640,353,791
1785,Vitoria,641,353,791
1786,Empate,641,353,792
1787,Vitoria,642,353,792
1788,Empate,642,353,793
1789,Vitoria,643,353,793
1790,Empate,643,353,794
1791,Empate,643,353,795
1792,Empate,643,353,796
1793,Vitoria,644,353,796
1794,Empate,644,353,797
1795,Vitoria,645,353,797
1796,Empate,645,353,798
1797,Vitoria,646,353,798
1798,Derrota,646,354,798
1799,Vitoria,647,354,798
1800,Empate,647,354,799
1801,Empate,647,354,800
1802,Empate,647,354,801
1803,Vitoria,648,354,801
1804,Empate,648,354,802
1805,Empate,648,354,803
1806,Derrota,648,355,803
1807,Vitoria,649,355,803
1808,Empate,649,355,804
1809,Vitoria,650,355,804
1810,Empate,650,355,805
1811,Vitoria,651,355,805
1812,Empate,651,355,806
1813,Empate,651,355,807
1814,Empate,651,355,808
1815,Vitoria,652,355,808
1816,Empate,652,355,809
1817,Vitoria,653,355,809
1818,Empate,653,355,810
1819,Vitoria,654,355,810
1820,Empate,654,355,811
1821,Vitoria,655,355,811
1822,Empate,655,355,812
1823,Vitoria,656,355,812
1824,Empate,656,355,813
1825,Empate,656,355,814
1826,Empate,656,355,815
1827,Vitoria,657,355,815
1828,Empate,657,355,816
1829,Vitoria,658,355,816
1830,Empate,658,355,817
1831,Vitoria,659,355,817
1832,Empate,659,355,818
1833,Vitoria,660,355,818
1834,Empate,660,355,819
1835,Vitoria,661,355,819
1836,Empate,661,355,820
1837,Vitoria,662,355,820
1838,Empate,662,355,821
1839,Derrota,662,356,821
1840,Empate,662,356,822
1841,Empate,662,356,823
1842,Empate,662,356,824
1843,Vitoria,663,356,824
1844,Empate,663,356,825
1845,Vitoria,664,356,825
1846,Empate,664,356,826
1847,Empate,664,356,827
1848,Empate,664,356,828
1849,Vitoria,665,356,828
1850,Empate,665,356,829
1851,Empate,665,356,830
1852,Empate,665,356,831
1853,Empate,665,356,832
1854,Empate,665,356,833
1855,Vitoria,666,356,833
1856,Empate,666,356,834
1857,Vitoria,667,356,834
1858,Empate,667,356,835
1859,Vitoria,668,356,835
1860,Empate,668,356,836
1861,Vitoria,669,356,836
1862,Derrota,669,357,836
1863,Vitoria,670,357,836
1864,Empate,670,357,837
1865,Vitoria,671,357,837
1866,Empate,671,357,838
1867,Vitoria,672,357,838
1868,Empate,672,357,839
1869,Vitoria,673,357,839
1870,Empate,673,357,840
1871,Empate,673,357,841
1872,Derrota,673,358,841
1873,Vitoria,674,358,841
1874,Empate,674,358,842
1875,Vitoria,675,358,842
1876,Empate,675,358,843
1877,Vitoria,676,358,843
1878,Empate,676,358,844
1879,Vitoria,677,358,844
1880,Empate,677,358,845
1881,Derrota,677,359,845
1882,Empate,677,359,846
1883,Vitoria,678,359,846
1884,Empate,678,359,847
1885,Vitoria,679,359,847
1886,Empate,679,359,848
1887,Vitoria,680,359,848
1888,Empate,680,359,849
1889,Vitoria,681,359,849
1890,Empate,681,359,850
1891,Vitoria,682,359,850
1892,Empate,682,359,851
1893,Vitoria,683,359,851
1894,Empate,683,359,852
1895,Vitoria,684,359,852
1896,Empate,684,359,853
1897,Derrota,684,360,853
1898,Empate,684,360,854
1899,Derrota,684,361,854
1900,Empate,684,361,855
1901,Vitoria,685,361,855
1902,Empate,685,361,856
1903,Vitoria,686,361,856
1904,Empate,686,361,857
1905,Vitoria,687,361,857
1906,Derrota,687,362,857
1907,Derrota,687,363,857
1908,Empate,687,363,858
1909,Empate,687,363,859
1910,Empate,687,363,860
1911,Vitoria,688,363,860
1912,Empate,688,363,861
1913,Empate,688,363,862
1914,Empate,688,363,863
1915,Vitoria,689,363,863
1916,Empate,689,363,864
1917,Vitoria,690,363,864
1918,Empate,690,363,865
1919,Vitoria,691,363,865
1920,Derrota,691,364,865
1921,Vitoria,692,364,865
1922,Empate,692,364,866
1923,Vitoria,693,364,866
1924,Empate,693,364,867
1925,Vitoria,694,364,867
1926,Empate,694,364,868
1927,Vitoria,695,364,868
1928,Empate,695,364,869
1929,Derrota,695,365,869
1930,Empate,695,365,870
1931,Vitoria,696,365,870
1932,Empate,696,365,871
1933,Vitoria,697,365,871
1934,Empate,697,365,872
1935,Vitoria,698,365,872
1936,Empate,698,365,873
1937,Vitoria,699,365,873
1938,Empate,699,365,874
1939,Empate,699,365,875
1940,Empate,699,365,876
1941,Vitoria,700,365,876
1942,Empate,700,365,877
1943,Vitoria,701,365,877
1944,Empate,701,365,878
1945,Vitoria,702,365,878
1946,Empate,702,365,879
1947,Vitoria,703,365,879
1948,Derrota,703,366,879
1949,Vitoria,704,366,879
1950,Empate,704,366,880
1951,Vitoria,705,366,880
1952,Empate,705,366,881
1953,Empate,705,366,882
1954,Empate,705,366,883
1955,Empate,705,366,884
1956,Empate,705,366,885
1957,Vitoria,706,366,885
1958,Empate,706,366,886
1959,Vitoria,707,366,886
1960,Empate,707,366,887
1961,Vitoria,708,366,887
1962,Empate,708,366,888
1963,Vitoria,709,366,888
1964,Empate,709,366,889
1965,Derrota,709,367,889
1966,Empate,709,367,890
1967,Vitoria,710,367,890
1968,Empate,710,367,891
1969,Vitoria,711,367,891
1970,Empate,711,367,892
1971,Vitoria,712,367,892
1972,Empate,712,367,893
1973,Vitoria,713,367,893
1974,Empate,713,367,894
1975,Vitoria,714,367,894
1976,Empate,714,367,895
1977,Derrota,714,368,895
1978,Derrota,714,369,895
1979,Vitoria,715,369,895
1980,Empate,715,369,896
1981,Vitoria,716,369,896
1982,Empate,716,369,897
1983,Empate,716,369,898
1984,Empate,716,369,899
1985,Vitoria,717,369,899
1986,Empate,717,369,900
1987,Vitoria,718,369,900
1988,Empate,718,369,901
1989,Derrota,718,370,901
1990,Empate,718,370,902
1991,Vitoria,719,370,902
1992,Empate,719,370,903
1993,Vitoria,720,370,903
1994,Empate,720,370,904
1995,Vitoria,721,370,904
1996,Empate,721,370,905
1997,Empate,721,370,906
1998,Derrota,721,371,906
1999,Vitoria,722,371,906
2000,Empate,722,371,907
2001,Vitoria,723,371,907
2002,Empate,723,371,908
2003,Derrota,723,372,908
2004,Empate,723,372,909
2005,Empate,723,372,910
2006,Empate,723,372,911
2007,Vitoria,724,372,911
2008,Empate,724,372,912
2009,Vitoria,725,372,912
2010,Empate,725,372,913
2011,Vitoria,726,372,913
2012,Empate,726,372,914
2013,Vitoria,727,372,914
2014,Empate,727,372,915
2015,Vitoria,728,372,915
2016,Empate,728,372,916
2017,Derrota,728,373,916
2018,Empate,728,373,917
2019,Derrota,728,374,917
2020,Empate,728,374,918
2021,Vitoria,729,374,918
2022,Empate,729,374,919
2023,Vitoria,730,374,919
2024,Empate,730,374,920
2025,Vitoria,731,374,920
2026,Empate,731,374,921
2027,Vitoria,732,374,921
2028,Empate,732,374,922
2029,Empate,732,374,923
2030,Empate,732,374,924
2031,Vitoria,733,374,924
2032,Empate,733,374,925
2033,Vitoria,734,374,925
2034,Empate,734,374,926
2035,Vitoria,735,374,926
2036,Derrota,735,375,926
2037,Vitoria,736,375,926
2038,Empate,736,375,927
2039,Vitoria,737,375,927
2040,Empate,737,375,928
2041,Empate,737,375,929
2042,Empate,737,375,930
2043,Vitoria,738,375,930
2044,Derrota,738,376,930
2045,Vitoria,739,376,930
2046,Derrota,739,377,930
2047,Vitoria,740,377,930
2048,Empate,740,377,931
2049,Vitoria,741,377,931
2050,Empate,741,377,932
2051,Vitoria,742,377,932
2052,Empate,742,377,933
2053,Vitoria,743,377,933
2054,Empate,743,377,934
2055,Vitoria,744,377,934
2056,Empate,744,377,935
2057,Derrota,744,378,935
2058,Empate,744,378,936
2059,Vitoria,745,378,936
2060,Empate,745,378,937
2061,Vitoria,746,378,937
2062,Empate,746,378,938
2063,Vitoria,747,378,938
2064,Empate,747,378,939
2065,Vitoria,748,378,939
2066,Empate,748,378,940
2067,Vitoria,749,378,940
2068,Empate,749,378,941
2069,Vitoria,750,378,941
2070,Empate,750,378,942
2071,Vitoria,751,378,942
2072,Empate,751,378,943
2073,Vitoria,752,378,943
2074,Empate,752,378,944
2075,Vitoria,753,378,944
2076,Derrota,753,379,944
2077,Vitoria,754,379,944
2078,Empate,754,379,945
2079,Vitoria,755,379,945
2080,Empate,755,379,946
2081,Vitoria,756,379,946
2082,Empate,756,379,947
2083,Vitoria,757,379,947
2084,Empate,757,379,948
2085,Vitoria,758,379,948
2086,Empate,758,379,949
2087,Vitoria,759,379,949
2088,Empate,759,379,950
2089,Vitoria,760,379,950
2090,Empate,760,379,951
2091,Vitoria,761,379,951
2092,Derrota,761,380,951
2093,Vitoria,762,380,951
2094,Empate,762,380,952
2095,Vitoria,763,380,952
2096,Empate,763,380,953
2097,Derrota,763,381,953
2098,Empate,763,381,954
2099,Vitoria,764,381,954
2100,Empate,764,381,955
2101,Vitoria,765,381,955
2102,Derrota,765,382,955
2103,Empate,765,382,956
2104,Empate,765,382,957
2105,Vitoria,766,382,957
2106,Derrota,766,383,957
2107,Vitoria,767,383,957
2108,Empate,767,383,958
2109,Vitoria,768,383,958
2110,Empate,768,383,959
2111,Vitoria,769,383,959
2112,Empate,769,383,960
2113,Vitoria,770,383,960
2114,Empate,770,383,961
2115,Vitoria,771,383,961
2116,Derrota,771,384,961
2117,Vitoria,772,384,961
2118,Empate,772,384,962
2119,Empate,772,384,963
2120,Empate,772,384,964
2121,Vitoria,773,384,964
2122,Derrota,773,385,964
2123,Empate,773,385,965
2124,Empate,773,385,966
2125,Vitoria,774,385,966
2126,Empate,774,385,967
2127,Empate,774,385,968
2128,Derrota,774,386,968
2129,Empate,774,386,969
2130,Empate,774,386,970
2131,Vitoria,775,386,970
2132,Empate,775,386,971
2133,Vitoria,776,386,971
2134,Derrota,776,387,971
2135,Empate,776,387,972
2136,Empate,776,387,973
2137,Vitoria,777,387,973
2138,Empate,777,387,974
2139,Vitoria,778,387,974
2140,Empate,778,387,975
2141,Vitoria,779,387,975
2142,Empate,779,387,976
2143,Vitoria,780,387,976
2144,Empate,780,387,977
2145,Vitoria,781,387,977
2146,Empate,781,387,978
2147,Vitoria,782,387,978
2148,Empate,782,387,979
2149,Vitoria,783,387,979
2150,Derrota,783,388,979
2151,Empate,783,388,980
2152,Empate,783,388,981
2153,Derrota,783,389,981
2154,Empate,783,389,982
2155,Vitoria,784,389,982
2156,Empate,784,389,983
2157,Vitoria,785,389,983
2158,Empate,785,389,984
2159,Vitoria,786,389,984
2160,Empate,786,389,985
2161,Empate,786,389,986
2162,Empate,786,389,987
2163,Vitoria,787,389,987
2164,Empate,787,389,988
2165,Derrota,787,390,988
2166,Empate,787,390,989
2167,Vitoria,788,390,989
2168,Empate,788,390,990
2169,Vitoria,789,390,990
2170,Empate,789,390,991
2171,Empate,789,390,992
2172,Empate,789,390,993
2173,Vitoria,790,390,993
2174,Empate,790,390,994
2175,Vitoria,791,390,994
2176,Empate,791,390,995
2177,Vitoria,792,390,995
2178,Derrota,792,391,995
2179,Empate,792,391,996
2180,Derrota,792,392,996
2181,Vitoria,793,392,996
2182,Empate,793,392,997
2183,Vitoria,794,392,997
2184,Derrota,794,393,997
2185,Derrota,794,394,997
2186,Empate,794,394,998
2187,Vitoria,795,394,998
2188,Empate,795,394,999
2189,Derrota,795,395,999
2190,Empate,795,395,1000
2191,Vitoria,796,395,1000
2192,Empate,796,395,1001
2193,Vitoria,797,395,1001
2194,Empate,797,395,1002
2195,Vitoria,798,395,1002
2196,Empate,798,395,1003
2197,Empate,798,395,1004
2198,Empate,798,395,1005
2199,Vitoria,799,395,1005
2200,Empate,799,395,1006
2201,Vitoria,800,395,1006
2202,Empate,800,395,1007
2203,Vitoria,801,395,1007
2204,Empate,801,395,1008
2205,Vitoria,802,395,1008
2206,Empate,802,395,1009
2207,Vitoria,803,395,1009
2208,Empate,803,395,1010
2209,Vitoria,804,395,1010
2210,Empate,804,395,1011
2211,Vitoria,805,395,1011
2212,Empate,805,395,1012
2213,Vitoria,806,395,1012
2214,Empate,806,395,1013
2215,Vitoria,807,395,1013
2216,Empate,807,395,1014
2217,Vitoria,808,395,1014
2218,Empate,808,395,1015
2219,Derrota,808,396,1015
2220,Empate,808,396,1016
2221,Vitoria,809,396,1016
2222,Empate,809,396,1017
2223,Vitoria,810,396,1017
2224,Empate,810,396,1018
2225,Vitoria,811,396,1018
2226,Empate,811,396,1019
2227,Vitoria,812,396,1019
2228,Empate,812,396,1020
2229,Vitoria,813,396,1020
2230,Empate,813,396,1021
2231,Vitoria,814,396,1021
2232,Empate,814,396,1022
2233,Vitoria,815,396,1022
2234,Derrota,815,397,1022
2235,Empate,815,397,1023
2236,Empate,815,397,1024
2237,Vitoria,816,397,1024
2238,Empate,816,397,1025
2239,Vitoria,817,397,1025
2240,Empate,817,397,1026
2241,Vitoria,818,397,1026
2242,Empate,818,397,1027
2243,Empate,818,397,1028
2244,Empate,818,397,1029
2245,Vitoria,819,397,1029
2246,Empate,819,397,1030
2247,Derrota,819,398,1030
2248,Empate,819,398,1031
2249,Vitoria,820,398,1031
2250,Empate,820,398,1032
2251,Vitoria,821,398,1032
2252,Empate,821,398,1033
2253,Vitoria,822,398,1033
2254,Derrota,822,399,1033
2255,Vitoria,823,399,1033
2256,Empate,823,399,1034
2257,Vitoria,824,399,1034
2258,Empate,824,399,1035
2259,Vitoria,825,399,1035
2260,Empate,825,399,1036
2261,Vitoria,826,399,1036
2262,Empate,826,399,1037
2263,Vitoria,827,399,1037
2264,Empate,827,399,1038
2265,Vitoria,828,399,1038
2266,Empate,828,399,1039
2267,Vitoria,829,399,1039
2268,Empate,829,399,1040
2269,Empate,829,399,1041
2270,Empate,829,399,1042
2271,Vitoria,830,399,1042
2272,Empate,830,399,1043
2273,Vitoria,831,399,1043
2274,Derrota,831,400,1043
2275,Vitoria,832,400,1043
2276,Empate,832,400,1044
2277,Vitoria,833,400,1044
2278,Empate,833,400,1045
2279,Vitoria,834,400,1045
2280,Empate,834,400,1046
2281,Vitoria,835,400,1046
2282,Empate,835,400,1047
2283,Vitoria,836,400,1047
2284,Derrota,836,401,1047
2285,Vitoria,837,401,1047
2286,Empate,837,401,1048
2287,Vitoria,838,401,1048
2288,Derrota,838,402,1048
2289,Vitoria,839,402,1048
2290,Empate,839,402,1049
2291,Vitoria,840,402,1049
2292,Empate,840,402,1050
2293,Vitoria,841,402,1050
2294,Empate,841,402,1051
2295,Vitoria,842,402,1051
2296,Empate,842,402,1052
2297,Vitoria,843,402,1052
2298,Derrota,843,403,1052
2299,Vitoria,844,403,1052
2300,Empate,844,403,1053
2301,Vitoria,845,403,1053
2302,Empate,845,403,1054
2303,Derrota,845,404,1054
2304,Empate,845,404,1055
2305,Vitoria,846,404,1055
2306,Empate,846,404,1056
2307,Vitoria,847,404,1056
2308,Empate,847,404,1057
2309,Vitoria,848,404,1057
2310,Empate,848,404,1058
2311,Vitoria,849,404,1058
2312,Empate,849,404,1059
2313,Vitoria,850,404,1059
2314,Empate,850,404,1060
2315,Vitoria,851,404,1060
2316,Empate,851,404,1061
2317,Vitoria,852,404,1061
2318,Empate,852,404,1062
2319,Vitoria,853,404,1062
2320,Empate,853,404,1063
2321,Vitoria,854,404,1063
2322,Empate,854,404,1064
2323,Vitoria,855,404,1064
2324,Empate,855,404,1065
2325,Empate,855,404,1066
2326,Empate,855,404,1067
2327,Vitoria,856,404,1067
2328,Derrota,856,405,1067
2329,Vitoria,857,405,1067
2330,Empate,857,405,1068
2331,Vitoria,858,405,1068
2332,Derrota,858,406,1068
2333,Vitoria,859,406,1068
2334,Empate,859,406,1069
2335,Vitoria,860,406,1069
2336,Empate,860,406,1070
2337,Vitoria,861,406,1070
2338,Empate,861,406,1071
2339,Vitoria,862,406,1071
2340,Derrota,862,407,1071
2341,Vitoria,863,407,1071
2342,Empate,863,407,1072
2343,Vitoria,864,407,1072
2344,Empate,864,407,1073
2345,Vitoria,865,407,1073
2346,Empate,865,407,1074
2347,Vitoria,866,407,1074
2348,Empate,866,407,1075
2349,Vitoria,867,407,1075
2350,Empate,867,407,1076
2351,Vitoria,868,407,1076
2352,Empate,868,407,1077
2353,Vitoria,869,407,1077
2354,Derrota,869,408,1077
2355,Vitoria,870,408,1077
2356,Empate,870,408,1078
2357,Empate,870,408,1079
2358,Empate,870,408,1080
2359,Empate,870,408,1081
2360,Empate,870,408,1082
2361,Vitoria,871,408,1082
2362,Derrota,871,409,1082
2363,Vitoria,872,409,1082
2364,Empate,872,409,1083
2365,Vitoria,873,409,1083
2366,Empate,873,409,1084
2367,Vitoria,874,409,1084
2368,Empate,874,409,1085
2369,Empate,874,409,1086
2370,Empate,874,409,1087
2371,Vitoria,875,409,1087
2372,Derrota,875,410,1087
2373,Empate,875,410,1088
2374,Derrota,875,411,1088
2375,Empate,875,411,1089
2376,Empate,875,411,1090
2377,Vitoria,876,411,1090
2378,Empate,876,411,1091
2379,Vitoria,877,411,1091
2380,Empate,877,411,1092
2381,Vitoria,878,411,1092
2382,Derrota,878,412,1092
2383,Empate,878,412,1093
2384,Empate,878,412,1094
2385,Vitoria,879,412,1094
2386,Empate,879,412,1095
2387,Vitoria,880,412,1095
2388,Empate,880,412,1096
2389,Empate,880,412,1097
2390,Empate,880,412,1098
2391,Vitoria,881,412,1098
2392,Empate,881,412,1099
2393,Vitoria,882,412,1099
2394,Empate,882,412,1100
2395,Vitoria,883,412,1100
2396,Empate,883,412,1101
2397,Vitoria,884,412,1101
2398,Empate,884,412,1102
2399,Vitoria,885,412,1102
2400,Empate,885,412,1103
2401,Vitoria,886,412,1103
2402,Empate,886,412,1104
2403,Vitoria,887,412,1104
2404,Empate,887,412,1105
2405,Vitoria,888,412,1105
2406,Empate,888,412,1106
2407,Vitoria,889,412,1106
2408,Empate,889,412,1107
2409,Vitoria,890,412,1107
2410,Empate,890,412,1108
2411,Empate,890,412,1109
2412,Empate,890,412,1110
2413,Vitoria,891,412,1110
2414,Empate,891,412,1111
2415,Vitoria,892,412,1111
2416,Empate,892,412,1112
2417,Vitoria,893,412,1112
2418,Empate,893,412,1113
2419,Vitoria,894,412,1113
2420,Empate,894,412,1114
2421,Empate,894,412,1115
2422,Empate,894,412,1116
2423,Empate,894,412,1117
2424,Empate,894,412,1118
2425,Vitoria,895,412,1118
2426,Empate,895,412,1119
2427,Vitoria,896,412,1119
2428,Derrota,896,413,1119
2429,Vitoria,897,413,1119
2430,Empate,897,413,1120
2431,Vitoria,898,413,1120
2432,Empate,898,413,1121
2433,Vitoria,899,413,1121
2434,Derrota,899,414,1121
2435,Vitoria,900,414,1121
2436,Empate,900,414,1122
2437,Vitoria,901,414,1122
2438,Empate,901,414,1123
2439,Vitoria,902,414,1123
2440,Empate,902,414,1124
2441,Vitoria,903,414,1124
2442,Derrota,903,415,1124
2443,Vitoria,904,415,1124
2444,Empate,904,415,1125
2445,Vitoria,905,415,1125
2446,Empate,905,415,1126
2447,Empate,905,415,1127
2448,Empate,905,415,1128
2449,Empate,905,415,1129
2450,Empate,905,415,1130
2451,Derrota,905,416,1130
2452,Empate,905,416,1131
2453,Vitoria,906,416,1131
2454,Empate,906,416,1132
2455,Vitoria,907,416,1132
2456,Empate,907,416,1133
2457,Vitoria,908,416,1133
2458,Empate,908,416,1134
2459,Vitoria,909,416,1134
2460,Empate,909,416,1135
2461,Empate,909,416,1136
2462,Empate,909,416,1137
2463,Vitoria,910,416,1137
2464,Empate,910,416,1138
2465,Vitoria,911,416,1138
2466,Empate,911,416,1139
2467,Vitoria,912,416,1139
2468,Empate,912,416,1140
2469,Vitoria,913,416,1140
2470,Derrota,913,417,1140
2471,Vitoria,914,417,1140
2472,Empate,914,417,1141
2473,Vitoria,915,417,1141
2474,Empate,915,417,1142
2475,Vitoria,916,417,1142
2476,Empate,916,417,1143
2477,Vitoria,917,417,1143
2478,Empate,917,417,1144
2479,Vitoria,918,417,1144
2480,Empate,918,417,1145
2481,Derrota,918,418,1145
2482,Empate,918,418,1146
2483,Vitoria,919,418,1146
2484,Empate,919,418,1147
2485,Derrota,919,419,1147
2486,Derrota,919,420,1147
2487,Vitoria,920,420,1147
2488,Empate,920,420,1148
2489,Derrota,920,421,1148
2490,Empate,920,421,1149
2491,Vitoria,921,421,1149
2492,Empate,921,421,1150
2493,Vitoria,922,421,1150
2494,Empate,922,421,1151
2495,Vitoria,923,421,1151
2496,Empate,923,421,1152
2497,Vitoria,924,421,1152
2498,Empate,924,421,1153
2499,Vitoria,925,421,1153
2500,Empate,925,421,1154
2501,Vitoria,926,421,1154
2502,Empate,926,421,1155
2503,Vitoria,927,421,1155
2504,Empate,927,421,1156
2505,Vitoria,928,421,1156
2506,Derrota,928,422,1156
2507,Vitoria,929,422,1156
2508,Empate,929,422,1157
2509,Vitoria,930,422,1157
2510,Empate,930,422,1158
2511,Vitoria,931,422,1158
2512,Derrota,931,423,1158
2513,Vitoria,932,423,1158
2514,Empate,932,423,1159
2515,Derrota,932,424,1159
2516,Empate,932,424,1160
2517,Empate,932,424,1161
2518,Empate,932,424,1162
2519,Empate,932,424,1163
2520,Empate,932,424,1164
2521,Vitoria,933,424,1164
2522,Empate,933,424,1165
2523,Vitoria,934,424,1165
2524,Derrota,934,425,1165
2525,Vitoria,935,425,1165
2526,Empate,935,425,1166
2527,Vitoria,936,425,1166
2528,Empate,936,425,1167
2529,Empate,936,425,1168
2530,Derrota,936,426,1168
2531,Vitoria,937,426,1168
2532,Derrota,937,427,1168
2533,Empate,937,427,1169
2534,Empate,937,427,1170
2535,Vitoria,938,427,1170
2536,Empate,938,427,1171
2537,Vitoria,939,427,1171
2538,Empate,939,427,1172
2539,Vitoria,940,427,1172
2540,Empate,940,427,1173
2541,Vitoria,941,427,1173
2542,Empate,941,427,1174
2543,Vitoria,942,427,1174
2544,Derrota,942,428,1174
2545,Derrota,942,429,1174
2546,Empate,942,429,1175
2547,Vitoria,943,429,1175
2548,Empate,943,429,1176
2549,Vitoria,944,429,1176
2550,Empate,944,429,1177
2551,Vitoria,945,429,1177
2552,Empate,945,429,1178
2553,Empate,945,429,1179
2554,Empate,945,429,1180
2555,Vitoria,946,429,1180
2556,Empate,946,429,1181
2557,Vitoria,947,429,1181
2558,Empate,947,429,1182
2559,Vitoria,948,429,1182
2560,Derrota,948,430,1182
2561,Vitoria,949,430,1182
2562,Empate,949,430,1183
2563,Vitoria,950,430,1183
2564,Empate,950,430,1184
2565,Vitoria,951,430,1184
2566,Empate,951,430,1185
2567,Vitoria,952,430,1185
2568,Empate,952,430,1186
2569,Vitoria,953,430,1186
2570,Empate,953,430,1187
2571,Vitoria,954,430,1187
2572,Empate,954,430,1188
2573,Vitoria,955,430,1188
2574,Derrota,955,431,1188
2575,Vitoria,956,431,1188
2576,Empate,956,431,1189
2577,Vitoria,957,431,1189
2578,Empate,957,431,1190
2579,Vitoria,958,431,1190
2580,Empate,958,431,1191
2581,Vitoria,959,431,1191
2582,Derrota,959,432,1191
2583,Vitoria,960,432,1191
2584,Empate,960,432,1192
2585,Vitoria,961,432,1192
2586,Empate,961,432,1193
2587,Vitoria,962,432,1193
2588,Empate,962,432,1194
2589,Derrota,962,433,1194
2590,Empate,962,433,1195
2591,Vitoria,963,433,1195
2592,Empate,963,433,1196
2593,Vitoria,964,433,1196
2594,Empate,964,433,1197
2595,Vitoria,965,433,1197
2596,Empate,965,433,1198
2597,Vitoria,966,433,1198
2598,Empate,966,433,1199
2599,Vitoria,967,433,1199
2600,Empate,967,433,1200
2601,Vitoria,968,433,1200
2602,Empate,968,433,1201
2603,Vitoria,969,433,1201
2604,Empate,969,433,1202
2605,Vitoria,970,433,1202
2606,Empate,970,433,1203
2607,Vitoria,971,433,1203
2608,Empate,971,433,1204
2609,Empate,971,433,1205
2610,Empate,971,433,1206
2611,Vitoria,972,433,1206
2612,Empate,972,433,1207
2613,Vitoria,973,433,1207
2614,Empate,973,433,1208
2615,Vitoria,974,433,1208
2616,Empate,974,433,1209
2617,Vitoria,975,433,1209
2618,Empate,975,433,1210
2619,Vitoria,976,433,1210
2620,Empate,976,433,1211
2621,Vitoria,977,433,1211
2622,Empate,977,433,1212
2623,Vitoria,978,433,1212
2624,Empate,978,433,1213
2625,Vitoria,979,433,1213
2626,Empate,979,433,1214
2627,Vitoria,980,433,1214
2628,Empate,980,433,1215
2629,Vitoria,981,433,1215
2630,Empate,981,433,1216
2631,Vitoria,982,433,1216
2632,Empate,982,433,1217
2633,Derrota,982,434,1217
2634,Empate,982,434,1218
2635,Vitoria,983,434,1218
2636,Empate,983,434,1219
2637,Vitoria,984,434,1219
2638,Derrota,984,435,1219
2639,Vitoria,985,435,1219
2640,Empate,985,435,1220
2641,Vitoria,986,435,1220
2642,Empate,986,435,1221
2643,Vitoria,987,435,1221
2644,Empate,987,435,1222
2645,Vitoria,988,435,1222
2646,Empate,988,435,1223
2647,Vitoria,989,435,1223
2648,Empate,989,435,1224
2649,Empate,989,435,1225
2650,Empate,989,435,1226
2651,Vitoria,990,435,1226
2652,Derrota,990,436,1226
2653,Vitoria,991,436,1226
2654,Empate,991,436,1227
2655,Derrota,991,437,1227
2656,Empate,991,437,1228
2657,Vitoria,992,437,1228
2658,Derrota,992,438,1228
2659,Vitoria,993,438,1228
2660,Empate,993,438,1229
2661,Vitoria,994,438,1229
2662,Empate,994,438,1230
2663,Vitoria,995,438,1230
2664,Empate,995,438,1231
2665,Vitoria,996,438,1231
2666,Empate,996,438,1232
2667,Vitoria,997,438,1232
2668,Empate,997,438,1233
2669,Vitoria,998,438,1233
2670,Derrota,998,439,1233
2671,Vitoria,999,439,1233
2672,Empate,999,439,1234
2673,Derrota,999,440,1234
2674,Empate,999,440,1235
2675,Vitoria,1000,440,1235
2676,Empate,1000,440,1236
2677,Vitoria,1001,440,1236
2678,Derrota,1001,441,1236
2679,Vitoria,1002,441,1236
2680,Empate,1002,441,1237
2681,Vitoria,1003,441,1237
2682,Derrota,1003,442,1237
2683,Vitoria,1004,442,1237
2684,Empate,1004,442,1238
2685,Vitoria,1005,442,1238
2686,Empate,1005,442,1239
2687,Vitoria,1006,442,1239
2688,Empate,1006,442,1240
2689,Vitoria,1007,442,1240
2690,Empate,1007,442,1241
2691,Vitoria,1008,442,1241
2692,Empate,1008,442,1242
2693,Vitoria,1009,442,1242
2694,Empate,1009,442,1243
2695,Vitoria,1010,442,1243
2696,Empate,1010,442,1244
2697,Vitoria,1011,442,1244
2698,Empate,1011,442,1245
2699,Derrota,1011,443,1245
2700,Derrota,1011,444,1245
2701,Vitoria,1012,444,1245
2702,Empate,1012,444,1246
2703,Vitoria,1013,444,1246
2704,Empate,1013,444,1247
2705,Vitoria,1014,444,1247
2706,Empate,1014,444,1248
2707,Derrota,1014,445,1248
2708,Empate,1014,445,1249
2709,Vitoria,1015,445,1249
2710,Empate,1015,445,1250
2711,Vitoria,1016,445,1250
2712,Empate,1016,445,1251
2713,Empate,1016,445,1252
2714,Empate,1016,445,1253
2715,Empate,1016,445,1254
2716,Empate,1016,445,1255
2717,Vitoria,1017,445,1255
2718,Empate,1017,445,1256
2719,Vitoria,1018,445,1256
2720,Empate,1018,445,1257
2721,Vitoria,1019,445,1257
2722,Empate,1019,445,1258
2723,Vitoria,1020,445,1258
2724,Empate,1020,445,1259
2725,Vitoria,1021,445,1259
2726,Empate,1021,445,1260
2727,Vitoria,1022,445,1260
2728,Empate,1022,445,1261
2729,Derrota,1022,446,1261
2730,Empate,1022,446,1262
2731,Vitoria,1023,446,1262
2732,Empate,1023,446,1263
2733,Vitoria,1024,446,1263
2734,Empate,1024,446,1264
2735,Vitoria,1025,446,1264
2736,Empate,1025,446,1265
2737,Vitoria,1026,446,1265
2738,Empate,1026,446,1266
2739,Vitoria,1027,446,1266
2740,Derrota,1027,447,1266
2741,Vitoria,1028,447,1266
2742,Empate,1028,447,1267
2743,Vitoria,1029,447,1267
2744,Empate,1029,447,1268
2745,Vitoria,1030,447,1268
2746,Empate,1030,447,1269
2747,Vitoria,1031,447,1269
2748,Empate,1031,447,1270
2749,Vitoria,1032,447,1270
2750,Empate,1032,447,1271
2751,Empate,1032,447,1272
2752,Empate,1032,447,1273
2753,Vitoria,1033,447,1273
2754,Empate,1033,447,1274
2755,Vitoria,1034,447,1274
2756,Empate,1034,447,1275
2757,Vitoria,1035,447,1275
2758,Empate,1035,447,1276
2759,Vitoria,1036,447,1276
2760,Empate,1036,447,1277
2761,Vitoria,1037,447,1277
2762,Empate,1037,447,1278
2763,Vitoria,1038,447,1278
2764,Derrota,1038,448,1278
2765,Vitoria,1039,448,1278
2766,Empate,1039,448,1279
2767,Vitoria,1040,448,1279
2768,Empate,1040,448,1280
2769,Empate,1040,448,1281
2770,Empate,1040,448,1282
2771,Vitoria,1041,448,1282
2772,Empate,1041,448,1283
2773,Vitoria,1042,448,1283
2774,Empate,1042,448,1284
2775,Vitoria,1043,448,1284
2776,Empate,1043,448,1285
2777,Vitoria,1044,448,1285
2778,Empate,1044,448,1286
2779,Vitoria,1045,448,1286
2780,Empate,1045,448,1287
2781,Vitoria,1046,448,1287
2782,Empate,1046,448,1288
2783,Vitoria,1047,448,1288
2784,Empate,1047,448,1289
2785,Vitoria,1048,448,1289
2786,Empate,1048,448,1290
2787,Empate,1048,448,1291
2788,Empate,1048,448,1292
2789,Vitoria,1049,448,1292
2790,Empate,1049,448,1293
2791,Vitoria,1050,448,1293
2792,Empate,1050,448,1294
2793,Vitoria,1051,448,1294
2794,Derrota,1051,449,1294
2795,Empate,1051,449,1295
2796,Empate,1051,449,1296
2797,Vitoria,1052,449,1296
2798,Empate,1052,449,1297
2799,Vitoria,1053,449,1297
2800,Empate,1053,449,1298
2801,Vitoria,1054,449,1298
2802,Empate,1054,449,1299
2803,Empate,1054,449,1300
2804,Empate,1054,449,1301
2805,Vitoria,1055,449,1301
2806,Derrota,1055,450,1301
2807,Vitoria,1056,450,1301
2808,Empate,1056,450,1302
2809,Vitoria,1057,450,1302
2810,Derrota,1057,451,1302
2811,Empate,1057,451,1303
2812,Empate,1057,451,1304
2813,Vitoria,1058,451,1304
2814,Empate,1058,451,1305
2815,Vitoria,1059,451,1305
2816,Empate,1059,451,1306
2817,Vitoria,1060,451,1306
2818,Empate,1060,451,1307
2819,Vitoria,1061,451,1307
2820,Empate,1061,451,1308
2821,Vitoria,1062,451,1308
2822,Derrota,1062,452,1308
2823,Vitoria,1063,452,1308
2824,Empate,1063,452,1309
2825,Vitoria,1064,452,1309
2826,Empate,1064,452,1310
2827,Vitoria,1065,452,1310
2828,Empate,1065,452,1311
2829,Vitoria,1066,452,1311
2830,Empate,1066,452,1312
2831,Vitoria,1067,452,1312
2832,Empate,1067,452,1313
2833,Vitoria,1068,452,1313
2834,Empate,1068,452,1314
2835,Empate,1068,452,1315
2836,Empate,1068,452,1316
2837,Vitoria,1069,452,1316
2838,Derrota,1069,453,1316
2839,Vitoria,1070,453,1316
2840,Empate,1070,453,1317
2841,Vitoria,1071,453,1317
2842,Derrota,1071,454,1317
2843,Vitoria,1072,454,1317
2844,Empate,1072,454,1318
2845,Vitoria,1073,454,1318
2846,Empate,1073,454,1319
2847,Vitoria,1074,454,1319
2848,Empate,1074,454,1320
2849,Derrota,1074,455,1320
2850,Empate,1074,455,1321
2851,Vitoria,1075,455,1321
2852,Empate,1075,455,1322
2853,Vitoria,1076,455,1322
2854,Empate,1076,455,1323
2855,Vitoria,1077,455,1323
2856,Empate,1077,455,1324
2857,Vitoria,1078,455,1324
2858,Empate,1078,455,1325
2859,Vitoria,1079,455,1325
2860,Empate,1079,455,1326
2861,Derrota,1079,456,1326
2862,Empate,1079,456,1327
2863,Vitoria,1080,456,1327
2864,Empate,1080,456,1328
2865,Derrota,1080,457,1328
2866,Empate,1080,457,1329
2867,Vitoria,1081,457,1329
2868,Derrota,1081,458,1329
2869,Vitoria,1082,458,1329
2870,Empate,1082,458,1330
2871,Vitoria,1083,458,1330
2872,Derrota,1083,459,1330
2873,Vitoria,1084,459,1330
2874,Empate,1084,459,1331
2875,Vitoria,1085,459,1331
2876,Empate,1085,459,1332
2877,Vitoria,1086,459,1332
2878,Empate,1086,459,1333
2879,Vitoria,1087,459,1333
2880,Derrota,1087,460,1333
2881,Vitoria,1088,460,1333
2882,Empate,1088,460,1334
2883,Vitoria,1089,460,1334
2884,Empate,1089,460,1335
2885,Vitoria,1090,460,1335
2886,Empate,1090,460,1336
2887,Vitoria,1091,460,1336
2888,Empate,1091,460,1337
2889,Vitoria,1092,460,1337
2890,Empate,1092,460,1338
2891,Vitoria,1093,460,1338
2892,Empate,1093,460,1339
2893,Empate,1093,460,1340
2894,Derrota,1093,461,1340
2895,Vitoria,1094,461,1340
2896,Empate,1094,461,1341
2897,Vitoria,1095,461,1341
2898,Empate,1095,461,1342
2899,Vitoria,1096,461,1342
2900,Empate,1096,461,1343
2901,Vitoria,1097,461,1343
2902,Empate,1097,461,1344
2903,Vitoria,1098,461,1344
2904,Empate,1098,461,1345
2905,Derrota,1098,462,1345
2906,Derrota,1098,463,1345
2907,Vitoria,1099,463,1345
2908,Empate,1099,463,1346
2909,Vitoria,1100,463,1346
2910,Empate,1100,463,1347
2911,Vitoria,1101,463,1347
2912,Derrota,1101,464,1347
2913,Vitoria,1102,464,1347
2914,Empate,1102,464,1348
2915,Vitoria,1103,464,1348
2916,Empate,1103,464,1349
2917,Vitoria,1104,464,1349
2918,Derrota,1104,465,1349
2919,Vitoria,1105,465,1349
2920,Empate,1105,465,1350
2921,Vitoria,1106,465,1350
2922,Derrota,1106,466,1350
2923,Vitoria,1107,466,1350
2924,Empate,1107,466,1351
2925,Vitoria,1108,466,1351
2926,Empate,1108,466,1352
2927,Vitoria,1109,466,1352
2928,Empate,1109,466,1353
2929,Vitoria,1110,466,1353
2930,Empate,1110,466,1354
2931,Vitoria,1111,466,1354
2932,Derrota,1111,467,1354
2933,Vitoria,1112,467,1354
2934,Empate,1112,467,1355
2935,Vitoria,1113,467,1355
2936,Empate,1113,467,1356
2937,Empate,1113,467,1357
2938,Derrota,1113,468,1357
2939,Vitoria,1114,468,1357
2940,Empate,1114,468,1358
2941,Vitoria,1115,468,1358
2942,Empate,1115,468,1359
2943,Vitoria,1116,468,1359
2944,Empate,1116,468,1360
2945,Vitoria,1117,468,1360
2946,Empate,1117,468,1361
2947,Vitoria,1118,468,1361
2948,Empate,1118,468,1362
2949,Vitoria,1119,468,1362
2950,Empate,1119,468,1363
2951,Vitoria,1120,468,1363
2952,Empate,1120,468,1364
2953,Empate,1120,468,1365
2954,Derrota,1120,469,1365
2955,Empate,1120,469,1366
2956,Empate,1120,469,1367
2957,Vitoria,1121,469,1367
2958,Empate,1121,469,1368
2959,Vitoria,1122,469,1368
2960,Empate,1122,469,1369
2961,Vitoria,1123,469,1369
2962,Empate,1123,469,1370
2963,Vitoria,1124,469,1370
2964,Empate,1124,469,1371
2965,Vitoria,1125,469,1371
2966,Empate,1125,469,1372
2967,Vitoria,1126,469,1372
2968,Derrota,1126,470,1372
2969,Vitoria,1127,470,1372
2970,Empate,1127,470,1373
2971,Vitoria,1128,470,1373
2972,Empate,1128,470,1374
2973,Empate,1128,470,1375
2974,Empate,1128,470,1376
2975,Vitoria,1129,470,1376
2976,Empate,1129,470,1377
2977,Derrota,1129,471,1377
2978,Empate,1129,471,1378
2979,Vitoria,1130,471,1378
2980,Empate,1130,471,1379
2981,Vitoria,1131,471,1379
2982,Empate,1131,471,1380
2983,Vitoria,1132,471,1380
2984,Empate,1132,471,1381
2985,Vitoria,1133,471,1381
2986,Empate,1133,471,1382
2987,Vitoria,1134,471,1382
2988,Empate,1134,471,1383
2989,Vitoria,1135,471,1383
2990,Empate,1135,471,1384
2991,Vitoria,1136,471,1384
2992,Empate,1136,471,1385
2993,Vitoria,1137,471,1385
2994,Derrota,1137,472,1385
2995,Vitoria,1138,472,1385
2996,Empate,1138,472,1386
2997,Vitoria,1139,472,1386
2998,Empate,1139,472,1387
2999,Vitoria,1140,472,1387
3000,Derrota,1140,473,1387
3001,Vitoria,1141,473,1387
3002,Derrota,1141,474,1387
3003,Vitoria,1142,474,1387
3004,Derrota,1142,475,1387
3005,Vitoria,1143,475,1387
3006,Empate,1143,475,1388
3007,Vitoria,1144,475,1388
3008,Empate,1144,475,1389
3009,Vitoria,1145,475,1389
3010,Empate,1145,475,1390
3011,Vitoria,1146,475,1390
3012,Empate,1146,475,1391
3013,Empate,1146,475,1392
3014,Empate,1146,475,1393
3015,Vitoria,1147,475,1393
3016,Empate,1147,475,1394
3017,Empate,1147,475,1395
3018,Empate,1147,475,1396
3019,Vitoria,1148,475,1396
3020,Empate,1148,475,1397
3021,Vitoria,1149,475,1397
3022,Empate,1149,475,1398
3023,Vitoria,1150,475,1398
3024,Empate,1150,475,1399
3025,Vitoria,1151,475,1399
3026,Empate,1151,475,1400
3027,Vitoria,1152,475,1400
3028,Empate,1152,475,1401
3029,Derrota,1152,476,1401
3030,Empate,1152,476,1402
3031,Vitoria,1153,476,1402
3032,Empate,1153,476,1403
3033,Vitoria,1154,476,1403
3034,Empate,1154,476,1404
3035,Vitoria,1155,476,1404
3036,Empate,1155,476,1405
3037,Vitoria,1156,476,1405
3038,Empate,1156,476,1406
3039,Empate,1156,476,1407
3040,Empate,1156,476,1408
3041,Vitoria,1157,476,1408
3042,Empate,1157,476,1409
3043,Vitoria,1158,476,1409
3044,Empate,1158,476,1410
3045,Vitoria,1159,476,1410
3046,Derrota,1159,477,1410
3047,Empate,1159,477,1411
3048,Empate,1159,477,1412
3049,Vitoria,1160,477,1412
3050,Derrota,1160,478,1412
3051,Vitoria,1161,478,1412
3052,Empate,1161,478,1413
3053,Vitoria,1162,478,1413
3054,Empate,1162,478,1414
3055,Vitoria,1163,478,1414
3056,Empate,1163,478,1415
3057,Empate,1163,478,1416
3058,Empate,1163,478,1417
3059,Derrota,1163,479,1417
3060,Empate,1163,479,1418
3061,Vitoria,1164,479,1418
3062,Empate,1164,479,1419
3063,Vitoria,1165,479,1419
3064,Empate,1165,479,1420
3065,Vitoria,1166,479,1420
3066,Empate,1166,479,1421
3067,Vitoria,1167,479,1421
3068,Empate,1167,479,1422
3069,Vitoria,1168,479,1422
3070,Empate,1168,479,1423
3071,Vitoria,1169,479,1423
3072,Empate,1169,479,1424
3073,Vitoria,1170,479,1424
3074,Empate,1170,479,1425
3075,Vitoria,1171,479,1425
3076,Empate,1171,479,1426
3077,Vitoria,1172,479,1426
3078,Empate,1172,479,1427
3079,Vitoria,1173,479,1427
3080,Empate,1173,479,1428
3081,Vitoria,1174,479,1428
3082,Empate,1174,479,1429
3083,Derrota,1174,480,1429
3084,Empate,1174,480,1430
3085,Vitoria,1175,480,1430
3086,Empate,1175,480,1431
3087,Vitoria,1176,480,1431
3088,Empate,1176,480,1432
3089,Vitoria,1177,480,1432
3090,Empate,1177,480,1433
3091,Derrota,1177,481,1433
3092,Empate,1177,481,1434
3093,Vitoria,1178,481,1434
3094,Empate,1178,481,1435
3095,Vitoria,1179,481,1435
3096,Empate,1179,481,1436
3097,Empate,1179,481,1437
3098,Empate,1179,481,1438
3099,Vitoria,1180,481,1438
3100,Empate,1180,481,1439
3101,Vitoria,1181,481,1439
3102,Empate,1181,481,1440
3103,Vitoria,1182,481,1440
3104,Empate,1182,481,1441
3105,Vitoria,1183,481,1441
3106,Empate,1183,481,1442
3107,Vitoria,1184,481,1442
3108,Empate,1184,481,1443
3109,Vitoria,1185,481,1443
3110,Empate,1185,481,1444
3111,Vitoria,1186,481,1444
3112,Empate,1186,481,1445
3113,Vitoria,1187,481,1445
3114,Empate,1187,481,1446
3115,Vitoria,1188,481,1446
3116,Empate,1188,481,1447
3117,Vitoria,1189,481,1447
3118,Empate,1189,481,1448
3119,Vitoria,1190,481,1448
3120,Empate,1190,481,1449
3121,Vitoria,1191,481,1449
3122,Empate,1191,481,1450
3123,Vitoria,1192,481,1450
3124,Empate,1192,481,1451
3125,Vitoria,1193,481,1451
3126,Empate,1193,481,1452
3127,Vitoria,1194,481,1452
3128,Empate,1194,481,1453
3129,Empate,1194,481,1454
3130,Empate,1194,481,1455
3131,Empate,1194,481,1456
3132,Empate,1194,481,1457
3133,Vitoria,1195,481,1457
3134,Empate,1195,481,1458
3135,Vitoria,1196,481,1458
3136,Empate,1196,481,1459
3137,Empate,1196,481,1460
3138,Empate,1196,481,1461
3139,Vitoria,1197,481,1461
3140,Empate,1197,481,1462
3141,Vitoria,1198,481,1462
3142,Empate,1198,481,1463
3143,Vitoria,1199,481,1463
3144,Empate,1199,481,1464
3145,Empate,1199,481,1465
3146,Derrota,1199,482,1465
3147,Vitoria,1200,482,1465
3148,Empate,1200,482,1466
3149,Vitoria,1201,482,1466
3150,Empate,1201,482,1467
3151,Vitoria,1202,482,1467
3152,Empate,1202,482,1468
3153,Vitoria,1203,482,1468
3154,Empate,1203,482,1469
3155,Vitoria,1204,482,1469
3156,Empate,1204,482,1470
3157,Vitoria,1205,482,1470
3158,Empate,1205,482,1471
3159,Vitoria,1206,482,1471
3160,Derrota,1206,483,1471
3161,Vitoria,1207,483,1471
3162,Empate,1207,483,1472
3163,Vitoria,1208,483,1472
3164,Empate,1208,483,1473
3165,Vitoria,1209,483,1473
3166,Empate,1209,483,1474
3167,Vitoria,1210,483,1474
3168,Empate,1210,483,1475
3169,Vitoria,1211,483,1475
3170,Empate,1211,483,1476
3171,Vitoria,1212,483,1476
3172,Empate,1212,483,1477
3173,Derrota,1212,484,1477
3174,Empate,1212,484,1478
3175,Vitoria,1213,484,1478
3176,Derrota,1213,485,1478
3177,Vitoria,1214,485,1478
3178,Empate,1214,485,1479
3179,Vitoria,1215,485,1479
3180,Empate,1215,485,1480
3181,Vitoria,1216,485,1480
3182,Empate,1216,485,1481
3183,Vitoria,1217,485,1481
3184,Empate,1217,485,1482
3185,Derrota,1217,486,1482
3186,Empate,1217,486,1483
3187,Vitoria,1218,486,1483
3188,Empate,1218,486,1484
3189,Vitoria,1219,486,1484
3190,Empate,1219,486,1485
3191,Empate,1219,486,1486
3192,Empate,1219,486,1487
3193,Vitoria,1220,486,1487
3194,Derrota,1220,487,1487
3195,Vitoria,1221,487,1487
3196,Empate,1221,487,1488
3197,Vitoria,1222,487,1488
3198,Empate,1222,487,1489
3199,Vitoria,1223,487,1489
3200,Empate,1223,487,1490
3201,Empate,1223,487,1491
3202,Empate,1223,487,1492
3203,Vitoria,1224,487,1492
3204,Empate,1224,487,1493
3205,Vitoria,1225,487,1493
3206,Empate,1225,487,1494
3207,Vitoria,1226,487,1494
3208,Empate,1226,487,1495
3209,Vitoria,1227,487,1495
3210,Empate,1227,487,1496
3211,Vitoria,1228,487,1496
3212,Derrota,1228,488,1496
3213,Vitoria,1229,488,1496
3214,Empate,1229,488,1497
3215,Vitoria,1230,488,1497
3216,Empate,1230,488,1498
3217,Vitoria,1231,488,1498
3218,Empate,1231,488,1499
3219,Vitoria,1232,488,1499
3220,Empate,1232,488,1500
3221,Vitoria,1233,488,1500
3222,Empate,1233,488,1501
3223,Vitoria,1234,488,1501
3224,Empate,1234,488,1502
3225,Vitoria,1235,488,1502
3226,Empate,1235,488,1503
3227,Vitoria,1236,488,1503
3228,Empate,1236,488,1504
3229,Vitoria,1237,488,1504
3230,Empate,1237,488,1505
3231,Vitoria,1238,488,1505
3232,Empate,1238,488,1506
3233,Empate,1238,488,1507
3234,Empate,1238,488,1508
3235,Vitoria,1239,488,1508
3236,Empate,1239,488,1509
3237,Vitoria,1240,488,1509
3238,Empate,1240,488,1510
3239,Empate,1240,488,1511
3240,Empate,1240,488,1512
3241,Derrota,1240,489,1512
3242,Empate,1240,489,1513
3243,Vitoria,1241,489,1513
3244,Empate,1241,489,1514
3245,Vitoria,1242,489,1514
3246,Empate,1242,489,1515
3247,Vitoria,1243,489,1515
3248,Empate,1243,489,1516
3249,Empate,1243,489,1517
3250,Empate,1243,489,1518
3251,Derrota,1243,490,1518
3252,Empate,1243,490,1519
3253,Vitoria,1244,490,1519
3254,Empate,1244,490,1520
3255,Derrota,1244,491,1520
3256,Empate,1244,491,1521
3257,Empate,1244,491,1522
3258,Empate,1244,491,1523
3259,Vitoria,1245,491,1523
3260,Empate,1245,491,1524
3261,Vitoria,1246,491,1524
3262,Empate,1246,491,1525
3263,Vitoria,1247,491,1525
3264,Empate,1247,491,1526
3265,Vitoria,1248,491,1526
3266,Empate,1248,491,1527
3267,Vitoria,1249,491,1527
3268,Empate,1249,491,1528
3269,Vitoria,1250,491,1528
3270,Empate,1250,491,1529
3271,Vitoria,1251,491,1529
3272,Empate,1251,491,1530
3273,Vitoria,1252,491,1530
3274,Derrota,1252,492,1530
3275,Empate,1252,492,1531
3276,Empate,1252,492,1532
3277,Empate,1252,492,1533
3278,Empate,1252,492,1534
3279,Vitoria,1253,492,1534
3280,Derrota,1253,493,1534
3281,Vitoria,1254,493,1534
3282,Empate,1254,493,1535
3283,Vitoria,1255,493,1535
3284,Empate,1255,493,1536
3285,Vitoria,1256,493,1536
3286,Derrota,1256,494,1536
3287,Vitoria,1257,494,1536
3288,Empate,1257,494,1537
3289,Empate,1257,494,1538
3290,Empate,1257,494,1539
3291,Vitoria,1258,494,1539
3292,Empate,1258,494,1540
3293,Vitoria,1259,494,1540
3294,Empate,1259,494,1541
3295,Vitoria,1260,494,1541
3296,Empate,1260,494,1542
3297,Vitoria,1261,494,1542
3298,Empate,1261,494,1543
3299,Vitoria,1262,494,1543
3300,Empate,1262,494,1544
3301,Vitoria,1263,494,1544
3302,Empate,1263,494,1545
3303,Vitoria,1264,494,1545
3304,Empate,1264,494,1546
3305,Vitoria,1265,494,1546
3306,Empate,1265,494,1547
3307,Vitoria,1266,494,1547
3308,Empate,1266,494,1548
3309,Vitoria,1267,494,1548
3310,Empate,1267,494,1549
3311,Vitoria,1268,494,1549
3312,Empate,1268,494,1550
3313,Vitoria,1269,494,1550
3314,Empate,1269,494,1551
3315,Vitoria,1270,494,1551
3316,Empate,1270,494,1552
3317,Vitoria,1271,494,1552
3318,Empate,1271,494,1553
3319,Vitoria,1272,494,1553
3320,Empate,1272,494,1554
3321,Derrota,1272,495,1554
3322,Empate,1272,495,1555
3323,Vitoria,1273,495,1555
3324,Empate,1273,495,1556
3325,Vitoria,1274,495,1556
3326,Empate,1274,495,1557
3327,Vitoria,1275,495,1557
3328,Empate,1275,495,1558
3329,Vitoria,1276,495,1558
3330,Empate,1276,495,1559
3331,Vitoria,1277,495,1559
3332,Empate,1277,495,1560
3333,Vitoria,1278,495,1560
3334,Empate,1278,495,1561
3335,Empate,1278,495,1562
3336,Empate,1278,495,1563
3337,Vitoria,1279,495,1563
3338,Empate,1279,495,1564
3339,Vitoria,1280,495,1564
3340,Empate,1280,495,1565
3341,Vitoria,1281,495,1565
3342,Empate,1281,495,1566
3343,Empate,1281,495,1567
3344,Empate,1281,495,1568
3345,Vitoria,1282,495,1568
3346,Empate,1282,495,1569
3347,Vitoria,1283,495,1569
3348,Empate,1283,495,1570
3349,Vitoria,1284,495,1570
3350,Empate,1284,495,1571
3351,Vitoria,1285,495,1571
3352,Empate,1285,495,1572
3353,Vitoria,1286,495,1572
3354,Empate,1286,495,1573
3355,Vitoria,1287,495,1573
3356,Empate,1287,495,1574
3357,Vitoria,1288,495,1574
3358,Empate,1288,495,1575
3359,Vitoria,1289,495,1575
3360,Empate,1289,495,1576
3361,Vitoria,1290,495,1576
3362,Empate,1290,495,1577
3363,Vitoria,1291,495,1577
3364,Derrota,1291,496,1577
3365,Vitoria,1292,496,1577
3366,Empate,1292,496,1578
3367,Vitoria,1293,496,1578
3368,Empate,1293,496,1579
3369,Vitoria,1294,496,1579
3370,Empate,1294,496,1580
3371,Vitoria,1295,496,1580
3372,Derrota,1295,497,1580
3373,Vitoria,1296,497,1580
3374,Empate,1296,497,1581
3375,Derrota,1296,498,1581
3376,Empate,1296,498,1582
3377,Vitoria,1297,498,1582
3378,Empate,1297,498,1583
3379,Vitoria,1298,498,1583
3380,Empate,1298,498,1584
3381,Vitoria,1299,498,1584
3382,Empate,1299,498,1585
3383,Derrota,1299,499,1585
3384,Empate,1299,499,1586
3385,Vitoria,1300,499,1586
3386,Derrota,1300,500,1586
3387,Vitoria,1301,500,1586
3388,Empate,1301,500,1587
3389,Vitoria,1302,500,1587
3390,Empate,1302,500,1588
3391,Vitoria,1303,500,1588
3392,Empate,1303,500,1589
3393,Vitoria,1304,500,1589
3394,Empate,1304,500,1590
3395,Vitoria,1305,500,1590
3396,Empate,1305,500,1591
3397,Vitoria,1306,500,1591
3398,Empate,1306,500,1592
3399,Vitoria,1307,500,1592
3400,Empate,1307,500,1593
3401,Derrota,1307,501,1593
3402,Empate,1307,501,1594
3403,Empate,1307,501,1595
3404,Empate,1307,501,1596
3405,Vitoria,1308,501,1596
3406,Empate,1308,501,1597
3407,Vitoria,1309,501,1597
3408,Empate,1309,501,1598
3409,Vitoria,1310,501,1598
3410,Empate,1310,501,1599
3411,Vitoria,1311,501,1599
3412,Derrota,1311,502,1599
3413,Vitoria,1312,502,1599
3414,Empate,1312,502,1600
3415,Vitoria,1313,502,1600
3416,Empate,1313,502,1601
3417,Vitoria,1314,502,1601
3418,Derrota,1314,503,1601
3419,Vitoria,1315,503,1601
3420,Empate,1315,503,1602
3421,Vitoria,1316,503,1602
3422,Empate,1316,503,1603
3423,Vitoria,1317,503,1603
3424,Empate,1317,503,1604
3425,Vitoria,1318,503,1604
3426,Empate,1318,503,1605
3427,Vitoria,1319,503,1605
3428,Empate,1319,503,1606
3429,Vitoria,1320,503,1606
3430,Empate,1320,503,1607
3431,Vitoria,1321,503,1607
3432,Empate,1321,503,1608
3433,Vitoria,1322,503,1608
3434,Empate,1322,503,1609
3435,Vitoria,1323,503,1609
3436,Empate,1323,503,1610
3437,Empate,1323,503,1611
3438,Empate,1323,503,1612
3439,Vitoria,1324,503,1612
3440,Empate,1324,503,1613
3441,Vitoria,1325,503,1613
3442,Empate,1325,503,1614
3443,Empate,1325,503,1615
3444,Derrota,1325,504,1615
3445,Vitoria,1326,504,1615
3446,Empate,1326,504,1616
3447,Vitoria,1327,504,1616
3448,Derrota,1327,505,1616
3449,Derrota,1327,506,1616
3450,Empate,1327,506,1617
3451,Vitoria,1328,506,1617
3452,Empate,1328,506,1618
3453,Vitoria,1329,506,1618
3454,Empate,1329,506,1619
3455,Vitoria,1330,506,1619
3456,Empate,1330,506,1620
3457,Vitoria,1331,506,1620
3458,Empate,1331,506,1621
3459,Vitoria,1332,506,1621
3460,Empate,1332,506,1622
3461,Vitoria,1333,506,1622
3462,Derrota,1333,507,1622
3463,Vitoria,1334,507,1622
3464,Empate,1334,507,1623
3465,Vitoria,1335,507,1623
3466,Empate,1335,507,1624
3467,Vitoria,1336,507,1624
3468,Derrota,1336,508,1624
3469,Vitoria,1337,508,1624
3470,Empate,1337,508,1625
3471,Vitoria,1338,508,1625
3472,Empate,1338,508,1626
3473,Empate,1338,508,1627
3474,Derrota,1338,509,1627
3475,Derrota,1338,510,1627
3476,Empate,1338,510,1628
3477,Vitoria,1339,510,1628
3478,Empate,1339,510,1629
3479,Vitoria,1340,510,1629
3480,Empate,1340,510,1630
3481,Empate,1340,510,1631
3482,Empate,1340,510,1632
3483,Vitoria,1341,510,1632
3484,Empate,1341,510,1633
3485,Empate,1341,510,1634
3486,Empate,1341,510,1635
3487,Vitoria,1342,510,1635
3488,Empate,1342,510,1636
3489,Vitoria,1343,510,1636
3490,Derrota,1343,511,1636
3491,Empate,1343,511,1637
3492,Empate,1343,511,1638
3493,Vitoria,1344,511,1638
3494,Derrota,1344,512,1638
3495,Empate,1344,512,1639
3496,Empate,1344,512,1640
3497,Vitoria,1345,512,1640
3498,Empate,1345,512,1641
3499,Vitoria,1346,512,1641
3500,Empate,1346,512,1642
3501,Vitoria,1347,512,1642
3502,Empate,1347,512,1643
3503,Vitoria,1348,512,1643
3504,Empate,1348,512,1644
3505,Vitoria,1349,512,1644
3506,Empate,1349,512,1645
3507,Vitoria,1350,512,1645
3508,Empate,1350,512,1646
3509,Vitoria,1351,512,1646
3510,Empate,1351,512,1647
3511,Vitoria,1352,512,1647
3512,Empate,1352,512,1648
3513,Vitoria,1353,512,1648
3514,Empate,1353,512,1649
3515,Vitoria,1354,512,1649
3516,Empate,1354,512,1650
3517,Vitoria,1355,512,1650
3518,Empate,1355,512,1651
3519,Vitoria,1356,512,1651
3520,Empate,1356,512,1652
3521,Vitoria,1357,512,1652
3522,Empate,1357,512,1653
3523,Empate,1357,512,1654
3524,Empate,1357,512,1655
3525,Vitoria,1358,512,1655
3526,Empate,1358,512,1656
3527,Vitoria,1359,512,1656
3528,Empate,1359,512,1657
3529,Vitoria,1360,512,1657
3530,Empate,1360,512,1658
3531,Vitoria,1361,512,1658
3532,Empate,1361,512,1659
3533,Vitoria,1362,512,1659
3534,Empate,1362,512,1660
3535,Vitoria,1363,512,1660
3536,Empate,1363,512,1661
3537,Vitoria,1364,512,1661
3538,Empate,1364,512,1662
3539,Vitoria,1365,512,1662
3540,Empate,1365,512,1663
3541,Vitoria,1366,512,1663
3542,Empate,1366,512,1664
3543,Derrota,1366,513,1664
3544,Empate,1366,513,1665
3545,Vitoria,1367,513,1665
3546,Empate,1367,513,1666
3547,Vitoria,1368,513,1666
3548,Empate,1368,513,1667
3549,Vitoria,1369,513,1667
3550,Empate,1369,513,1668
3551,Vitoria,1370,513,1668
3552,Derrota,1370,514,1668
3553,Empate,1370,514,1669
3554,Empate,1370,514,1670
3555,Vitoria,1371,514,1670
3556,Empate,1371,514,1671
3557,Derrota,1371,515,1671
3558,Empate,1371,515,1672
3559,Vitoria,1372,515,1672
3560,Empate,1372,515,1673
3561,Vitoria,1373,515,1673
3562,Empate,1373,515,1674
3563,Vitoria,1374,515,1674
3564,Empate,1374,515,1675
3565,Vitoria,1375,515,1675
3566,Empate,1375,515,1676
3567,Vitoria,1376,515,1676
3568,Empate,1376,515,1677
3569,Vitoria,1377,515,1677
3570,Empate,1377,515,1678
3571,Vitoria,1378,515,1678
3572,Empate,1378,515,1679
3573,Vitoria,1379,515,1679
3574,Empate,1379,515,1680
3575,Derrota,1379,516,1680
3576,Empate,1379,516,1681
3577,Vitoria,1380,516,1681
3578,Empate,1380,516,1682
3579,Vitoria,1381,516,1682
3580,Empate,1381,516,1683
3581,Vitoria,1382,516,1683
3582,Empate,1382,516,1684
3583,Vitoria,1383,516,1684
3584,Empate,1383,516,1685
3585,Empate,1383,516,1686
3586,Empate,1383,516,1687
3587,Vitoria,1384,516,1687
3588,Empate,1384,516,1688
3589,Vitoria,1385,516,1688
3590,Empate,1385,516,1689
3591,Vitoria,1386,516,1689
3592,Empate,1386,516,1690
3593,Vitoria,1387,516,1690
3594,Empate,1387,516,1691
3595,Vitoria,1388,516,1691
3596,Empate,1388,516,1692
3597,Vitoria,1389,516,1692
3598,Empate,1389,516,1693
3599,Vitoria,1390,516,1693
3600,Empate,1390,516,1694
3601,Vitoria,1391,516,1694
3602,Derrota,1391,517,1694
3603,Vitoria,1392,517,1694
3604,Empate,1392,517,1695
3605,Vitoria,1393,517,1695
3606,Empate,1393,517,1696
3607,Vitoria,1394,517,1696
3608,Empate,1394,517,1697
3609,Vitoria,1395,517,1697
3610,Empate,1395,517,1698
3611,Vitoria,1396,517,1698
3612,Empate,1396,517,1699
3613,Vitoria,1397,517,1699
3614,Empate,1397,517,1700
3615,Derrota,1397,518,1700
3616,Empate,1397,518,1701
3617,Vitoria,1398,518,1701
3618,Derrota,1398,519,1701
3619,Vitoria,1399,519,1701
3620,Empate,1399,519,1702
3621,Empate,1399,519,1703
3622,Empate,1399,519,1704
3623,Vitoria,1400,519,1704
3624,Empate,1400,519,1705
3625,Vitoria,1401,519,1705
3626,Empate,1401,519,1706
3627,Empate,1401,519,1707
3628,Empate,1401,519,1708
3629,Vitoria,1402,519,1708
3630,Empate,1402,519,1709
3631,Vitoria,1403,519,1709
3632,Empate,1403,519,1710
3633,Vitoria,1404,519,1710
3634,Empate,1404,519,1711
3635,Vitoria,1405,519,1711
3636,Empate,1405,519,1712
3637,Vitoria,1406,519,1712
3638,Empate,1406,519,1713
3639,Vitoria,1407,519,1713
3640,Empate,1407,519,1714
3641,Vitoria,1408,519,1714
3642,Empate,1408,519,1715
3643,Vitoria,1409,519,1715
3644,Empate,1409,519,1716
3645,Vitoria,1410,519,1716
3646,Empate,1410,519,1717
3647,Vitoria,1411,519,1717
3648,Empate,1411,519,1718
3649,Vitoria,1412,519,1718
3650,Empate,1412,519,1719
3651,Vitoria,1413,519,1719
3652,Empate,1413,519,1720
3653,Vitoria,1414,519,1720
3654,Empate,1414,519,1721
3655,Vitoria,1415,519,1721
3656,Derrota,1415,520,1721
3657,Vitoria,1416,520,1721
3658,Empate,1416,520,1722
3659,Vitoria,1417,520,1722
3660,Empate,1417,520,1723
3661,Vitoria,1418,520,1723
3662,Empate,1418,520,1724
3663,Vitoria,1419,520,1724
3664,Empate,1419,520,1725
3665,Vitoria,1420,520,1725
3666,Empate,1420,520,1726
3667,Vitoria,1421,520,1726
3668,Empate,1421,520,1727
3669,Vitoria,1422,520,1727
3670,Empate,1422,520,1728
3671,Vitoria,1423,520,1728
3672,Empate,1423,520,1729
3673,Vitoria,1424,520,1729
3674,Empate,1424,520,1730
3675,Empate,1424,520,1731
3676,Empate,1424,520,1732
3677,Vitoria,1425,520,1732
3678,Derrota,1425,521,1732
3679,Vitoria,1426,521,1732
3680,Empate,1426,521,1733
3681,Vitoria,1427,521,1733
3682,Derrota,1427,522,1733
3683,Vitoria,1428,522,1733
3684,Empate,1428,522,1734
3685,Vitoria,1429,522,1734
3686,Derrota,1429,523,1734
3687,Empate,1429,523,1735
3688,Empate,1429,523,1736
3689,Vitoria,1430,523,1736
3690,Empate,1430,523,1737
3691,Vitoria,1431,523,1737
3692,Empate,1431,523,1738
3693,Vitoria,1432,523,1738
3694,Empate,1432,523,1739
3695,Vitoria,1433,523,1739
3696,Empate,1433,523,1740
3697,Vitoria,1434,523,1740
3698,Empate,1434,523,1741
3699,Vitoria,1435,523,1741
3700,Empate,1435,523,1742
3701,Derrota,1435,524,1742
3702,Empate,1435,524,1743
3703,Vitoria,1436,524,1743
3704,Empate,1436,524,1744
3705,Vitoria,1437,524,1744
3706,Empate,1437,524,1745
3707,Vitoria,1438,524,1745
3708,Empate,1438,524,1746
3709,Vitoria,1439,524,1746
3710,Empate,1439,524,1747
3711,Empate,1439,524,1748
3712,Empate,1439,524,1749
3713,Vitoria,1440,524,1749
3714,Empate,1440,524,1750
3715,Vitoria,1441,524,1750
3716,Empate,1441,524,1751
3717,Vitoria,1442,524,1751
3718,Derrota,1442,525,1751
3719,Vitoria,1443,525,1751
3720,Empate,1443,525,1752
3721,Vitoria,1444,525,1752
3722,Empate,1444,525,1753
3723,Vitoria,1445,525,1753
3724,Derrota,1445,526,1753
3725,Vitoria,1446,526,1753
3726,Empate,1446,526,1754
3727,Vitoria,1447,526,1754
3728,Empate,1447,526,1755
3729,Vitoria,1448,526,1755
3730,Empate,1448,526,1756
3731,Derrota,1448,527,1756
3732,Empate,1448,527,1757
3733,Vitoria,1449,527,1757
3734,Empate,1449,527,1758
3735,Vitoria,1450,527,1758
3736,Empate,1450,527,1759
3737,Vitoria,1451,527,1759
3738,Empate,1451,527,1760
3739,Vitoria,1452,527,1760
3740,Empate,1452,527,1761
3741,Vitoria,1453,527,1761
3742,Empate,1453,527,1762
3743,Vitoria,1454,527,1762
3744,Empate,1454,527,1763
3745,Vitoria,1455,527,1763
3746,Empate,1455,527,1764
3747,Vitoria,1456,527,1764
3748,Empate,1456,527,1765
3749,Vitoria,1457,527,1765
3750,Empate,1457,527,1766
3751,Vitoria,1458,527,1766
3752,Empate,1458,527,1767
3753,Vitoria,1459,527,1767
3754,Empate,1459,527,1768
3755,Vitoria,1460,527,1768
3756,Empate,1460,527,1769
3757,Vitoria,1461,527,1769
3758,Empate,1461,527,1770
3759,Vitoria,1462,527,1770
3760,Empate,1462,527,1771
3761,Vitoria,1463,527,1771
3762,Empate,1463,527,1772
3763,Vitoria,1464,527,1772
3764,Empate,1464,527,1773
3765,Vitoria,1465,527,1773
3766,Empate,1465,527,1774
3767,Vitoria,1466,527,1774
3768,Empate,1466,527,1775
3769,Vitoria,1467,527,1775
3770,Empate,1467,527,1776
3771,Derrota,1467,528,1776
3772,Empate,1467,528,1777
3773,Vitoria,1468,528,1777
3774,Empate,1468,528,1778
3775,Vitoria,1469,528,1778
3776,Empate,1469,528,1779
3777,Vitoria,1470,528,1779
3778,Empate,1470,528,1780
3779,Vitoria,1471,528,1780
3780,Empate,1471,528,1781
3781,Vitoria,1472,528,1781
3782,Derrota,1472,529,1781
3783,Vitoria,1473,529,1781
3784,Empate,1473,529,1782
3785,Vitoria,1474,529,1782
3786,Empate,1474,529,1783
3787,Vitoria,1475,529,1783
3788,Empate,1475,529,1784
3789,Vitoria,1476,529,1784
3790,Empate,1476,529,1785
3791,Vitoria,1477,529,1785
3792,Empate,1477,529,1786
3793,Derrota,1477,530,1786
3794,Derrota,1477,531,1786
3795,Derrota,1477,532,1786
3796,Empate,1477,532,1787
3797,Vitoria,1478,532,1787
3798,Empate,1478,532,1788
3799,Vitoria,1479,532,1788
3800,Empate,1479,532,1789
3801,Vitoria,1480,532,1789
3802,Empate,1480,532,1790
3803,Vitoria,1481,532,1790
3804,Empate,1481,532,1791
3805,Vitoria,1482,532,1791
3806,Empate,1482,532,1792
3807,Vitoria,1483,532,1792
3808,Empate,1483,532,1793
3809,Vitoria,1484,532,1793
3810,Empate,1484,532,1794
3811,Vitoria,1485,532,1794
3812,Empate,1485,532,1795
3813,Vitoria,1486,532,1795
3814,Empate,1486,532,1796
3815,Vitoria,1487,532,1796
3816,Empate,1487,532,1797
3817,Vitoria,1488,532,1797
3818,Empate,1488,532,1798
3819,Vitoria,1489,532,1798
3820,Empate,1489,532,1799
3821,Vitoria,1490,532,1799
3822,Empate,1490,532,1800
3823,Vitoria,1491,532,1800
3824,Empate,1491,532,1801
3825,Vitoria,1492,532,1801
3826,Empate,1492,532,1802
3827,Empate,1492,532,1803
3828,Derrota,1492,533,1803
3829,Vitoria,1493,533,1803
3830,Derrota,1493,534,1803
3831,Vitoria,1494,534,1803
3832,Empate,1494,534,1804
3833,Vitoria,1495,534,1804
3834,Empate,1495,534,1805
3835,Vitoria,1496,534,1805
3836,Empate,1496,534,1806
3837,Empate,1496,534,1807
3838,Empate,1496,534,1808
3839,Vitoria,1497,534,1808
3840,Empate,1497,534,1809
3841,Vitoria,1498,534,1809
3842,Empate,1498,534,1810
3843,Vitoria,1499,534,1810
3844,Empate,1499,534,1811
3845,Empate,1499,534,1812
3846,Empate,1499,534,1813
3847,Vitoria,1500,534,1813
3848,Derrota,1500,535,1813
3849,Vitoria,1501,535,1813
3850,Empate,1501,535,1814
3851,Vitoria,1502,535,1814
3852,Derrota,1502,536,1814
3853,Vitoria,1503,536,1814
3854,Empate,1503,536,1815
3855,Vitoria,1504,536,1815
3856,Empate,1504,536,1816
3857,Vitoria,1505,536,1816
3858,Derrota,1505,537,1816
3859,Vitoria,1506,537,1816
3860,Empate,1506,537,1817
3861,Empate,1506,537,1818
3862,Empate,1506,537,1819
3863,Vitoria,1507,537,1819
3864,Empate,1507,537,1820
3865,Vitoria,1508,537,1820
3866,Empate,1508,537,1821
3867,Vitoria,1509,537,1821
3868,Empate,1509,537,1822
3869,Derrota,1509,538,1822
3870,Empate,1509,538,1823
3871,Vitoria,1510,538,1823
3872,Empate,1510,538,1824
3873,Derrota,1510,539,1824
3874,Empate,1510,539,1825
3875,Vitoria,1511,539,1825
3876,Empate,1511,539,1826
3877,Vitoria,1512,539,1826
3878,Empate,1512,539,1827
3879,Vitoria,1513,539,1827
3880,Derrota,1513,540,1827
3881,Vitoria,1514,540,1827
3882,Empate,1514,540,1828
3883,Vitoria,1515,540,1828
3884,Empate,1515,540,1829
3885,Vitoria,1516,540,1829
3886,Empate,1516,540,1830
3887,Vitoria,1517,540,1830
3888,Empate,1517,540,1831
3889,Vitoria,1518,540,1831
3890,Empate,1518,540,1832
3891,Vitoria,1519,540,1832
3892,Derrota,1519,541,1832
3893,Vitoria,1520,541,1832
3894,Empate,1520,541,1833
3895,Vitoria,1521,541,1833
3896,Empate,1521,541,1834
3897,Vitoria,1522,541,1834
3898,Derrota,1522,542,1834
3899,Vitoria,1523,542,1834
3900,Empate,1523,542,1835
3901,Vitoria,1524,542,1835
3902,Empate,1524,542,1836
3903,Vitoria,1525,542,1836
3904,Empate,1525,542,1837
3905,Vitoria,1526,542,1837
3906,Empate,1526,542,1838
3907,Vitoria,1527,542,1838
3908,Derrota,1527,543,1838
3909,Vitoria,1528,543,1838
3910,Empate,1528,543,1839
3911,Vitoria,1529,543,1839
3912,Empate,1529,543,1840
3913,Vitoria,1530,543,1840
3914,Empate,1530,543,1841
3915,Vitoria,1531,543,1841
3916,Empate,1531,543,1842
3917,Vitoria,1532,543,1842
3918,Empate,1532,543,1843
3919,Vitoria,1533,543,1843
3920,Empate,1533,543,1844
3921,Vitoria,1534,543,1844
3922,Empate,1534,543,1845
3923,Vitoria,1535,543,1845
3924,Derrota,1535,544,1845
3925,Vitoria,1536,544,1845
3926,Empate,1536,544,1846
3927,Vitoria,1537,544,1846
3928,Empate,1537,544,1847
3929,Vitoria,1538,544,1847
3930,Derrota,1538,545,1847
3931,Vitoria,1539,545,1847
3932,Empate,1539,545,1848
3933,Derrota,1539,546,1848
3934,Empate,1539,546,1849
3935,Vitoria,1540,546,1849
3936,Empate,1540,546,1850
3937,Vitoria,1541,546,1850
3938,Empate,1541,546,1851
3939,Vitoria,1542,546,1851
3940,Empate,1542,546,1852
3941,Vitoria,1543,546,1852
3942,Empate,1543,546,1853
3943,Vitoria,1544,546,1853
3944,Empate,1544,546,1854
3945,Vitoria,1545,546,1854
3946,Empate,1545,546,1855
3947,Vitoria,1546,546,1855
3948,Empate,1546,546,1856
3949,Vitoria,1547,546,1856
3950,Empate,1547,546,1857
3951,Vitoria,1548,546,1857
3952,Empate,1548,546,1858
3953,Vitoria,1549,546,1858
3954,Empate,1549,546,1859
3955,Vitoria,1550,546,1859
3956,Empate,1550,546,1860
3957,Vitoria,1551,546,1860
3958,Empate,1551,546,1861
3959,Vitoria,1552,546,1861
3960,Empate,1552,546,1862
3961,Vitoria,1553,546,1862
3962,Derrota,1553,547,1862
3963,Vitoria,1554,547,1862
3964,Empate,1554,547,1863
3965,Vitoria,1555,547,1863
3966,Empate,1555,547,1864
3967,Vitoria,1556,547,1864
3968,Empate,1556,547,1865
3969,Derrota,1556,548,1865
3970,Empate,1556,548,1866
3971,Vitoria,1557,548,1866
3972,Empate,1557,548,1867
3973,Vitoria,1558,548,1867
3974,Empate,1558,548,1868
3975,Vitoria,1559,548,1868
3976,Empate,1559,548,1869
3977,Derrota,1559,549,1869
3978,Empate,1559,549,1870
3979,Vitoria,1560,549,1870
3980,Empate,1560,549,1871
3981,Vitoria,1561,549,1871
3982,Empate,1561,549,1872
3983,Empate,1561,549,1873
3984,Empate,1561,549,1874
3985,Empate,1561,549,1875
3986,Empate,1561,549,1876
3987,Vitoria,1562,549,1876
3988,Empate,1562,549,1877
3989,Vitoria,1563,549,1877
3990,Empate,1563,549,1878
3991,Vitoria,1564,549,1878
3992,Empate,1564,549,1879
3993,Empate,1564,549,1880
3994,Empate,1564,549,1881
3995,Vitoria,1565,549,1881
3996,Empate,1565,549,1882
3997,Vitoria,1566,549,1882
3998,Derrota,1566,550,1882
3999,Vitoria,1567,550,1882
4000,Empate,1567,550,1883
4001,Vitoria,1568,550,1883
4002,Empate,1568,550,1884
4003,Vitoria,1569,550,1884
4004,Empate,1569,550,1885
4005,Empate,1569,550,1886
4006,Empate,1569,550,1887
4007,Vitoria,1570,550,1887
4008,Empate,1570,550,1888
4009,Vitoria,1571,550,1888
4010,Empate,1571,550,1889
4011,Vitoria,1572,550,1889
4012,Empate,1572,550,1890
4013,Vitoria,1573,550,1890
4014,Empate,1573,550,1891
4015,Vitoria,1574,550,1891
4016,Empate,1574,550,1892
4017,Vitoria,1575,550,1892
4018,Derrota,1575,551,1892
4019,Vitoria,1576,551,1892
4020,Empate,1576,551,1893
4021,Vitoria,1577,551,1893
4022,Empate,1577,551,1894
4023,Vitoria,1578,551,1894
4024,Empate,1578,551,1895
4025,Vitoria,1579,551,1895
4026,Empate,1579,551,1896
4027,Vitoria,1580,551,1896
4028,Empate,1580,551,1897
4029,Vitoria,1581,551,1897
4030,Derrota,1581,552,1897
4031,Vitoria,1582,552,1897
4032,Empate,1582,552,1898
4033,Vitoria,1583,552,1898
4034,Empate,1583,552,1899
4035,Vitoria,1584,552,1899
4036,Empate,1584,552,1900
4037,Vitoria,1585,552,1900
4038,Empate,1585,552,1901
4039,Vitoria,1586,552,1901
4040,Derrota,1586,553,1901
4041,Vitoria,1587,553,1901
4042,Empate,1587,553,1902
4043,Vitoria,1588,553,1902
4044,Empate,1588,553,1903
4045,Vitoria,1589,553,1903
4046,Derrota,1589,554,1903
4047,Vitoria,1590,554,1903
4048,Derrota,1590,555,1903
4049,Vitoria,1591,555,1903
4050,Derrota,1591,556,1903
4051,Vitoria,1592,556,1903
4052,Empate,1592,556,1904
4053,Vitoria,1593,556,1904
4054,Empate,1593,556,1905
4055,Vitoria,1594,556,1905
4056,Empate,1594,556,1906
4057,Vitoria,1595,556,1906
4058,Empate,1595,556,1907
4059,Vitoria,1596,556,1907
4060,Derrota,1596,557,1907
4061,Vitoria,1597,557,1907
4062,Empate,1597,557,1908
4063,Vitoria,1598,557,1908
4064,Empate,1598,557,1909
4065,Vitoria,1599,557,1909
4066,Empate,1599,557,1910
4067,Vitoria,1600,557,1910
4068,Empate,1600,557,1911
4069,Vitoria,1601,557,1911
4070,Empate,1601,557,1912
4071,Vitoria,1602,557,1912
4072,Empate,1602,557,1913
4073,Vitoria,1603,557,1913
4074,Empate,1603,557,1914
4075,Vitoria,1604,557,1914
4076,Empate,1604,557,1915
4077,Derrota,1604,558,1915
4078,Empate,1604,558,1916
4079,Vitoria,1605,558,1916
4080,Empate,1605,558,1917
4081,Vitoria,1606,558,1917
4082,Derrota,1606,559,1917
4083,Vitoria,1607,559,1917
4084,Empate,1607,559,1918
4085,Vitoria,1608,559,1918
4086,Empate,1608,559,1919
4087,Vitoria,1609,559,1919
4088,Empate,1609,559,1920
4089,Vitoria,1610,559,1920
4090,Derrota,1610,560,1920
4091,Vitoria,1611,560,1920
4092,Empate,1611,560,1921
4093,Vitoria,1612,560,1921
4094,Derrota,1612,561,1921
4095,Empate,1612,561,1922
4096,Empate,1612,561,1923
4097,Empate,1612,561,1924
4098,Empate,1612,561,1925
4099,Vitoria,1613,561,1925
4100,Empate,1613,561,1926
4101,Vitoria,1614,561,1926
4102,Empate,1614,561,1927
4103,Vitoria,1615,561,1927
4104,Empate,1615,561,1928
4105,Vitoria,1616,561,1928
4106,Empate,1616,561,1929
4107,Vitoria,1617,561,1929
4108,Empate,1617,561,1930
4109,Vitoria,1618,561,1930
4110,Empate,1618,561,1931
4111,Vitoria,1619,561,1931
4112,Empate,1619,561,1932
4113,Vitoria,1620,561,1932
4114,Empate,1620,561,1933
4115,Vitoria,1621,561,1933
4116,Empate,1621,561,1934
4117,Vitoria,1622,561,1934
4118,Derrota,1622,562,1934
4119,Vitoria,1623,562,1934
4120,Empate,1623,562,1935
4121,Vitoria,1624,562,1935
4122,Empate,1624,562,1936
4123,Vitoria,1625,562,1936
4124,Empate,1625,562,1937
4125,Vitoria,1626,562,1937
4126,Empate,1626,562,1938
4127,Vitoria,1627,562,1938
4128,Empate,1627,562,1939
4129,Vitoria,1628,562,1939
4130,Empate,1628,562,1940
4131,Vitoria,1629,562,1940
4132,Empate,1629,562,1941
4133,Vitoria,1630,562,1941
4134,Empate,1630,562,1942
4135,Vitoria,1631,562,1942
4136,Empate,1631,562,1943
4137,Vitoria,1632,562,1943
4138,Empate,1632,562,1944
4139,Vitoria,1633,562,1944
4140,Empate,1633,562,1945
4141,Vitoria,1634,562,1945
4142,Empate,1634,562,1946
4143,Vitoria,1635,562,1946
4144,Empate,1635,562,1947
4145,Vitoria,1636,562,1947
4146,Empate,1636,562,1948
4147,Vitoria,1637,562,1948
4148,Derrota,1637,563,1948
4149,Vitoria,1638,563,1948
4150,Empate,1638,563,1949
4151,Vitoria,1639,563,1949
4152,Derrota,1639,564,1949
4153,Vitoria,1640,564,1949
4154,Empate,1640,564,1950
4155,Vitoria,1641,564,1950
4156,Empate,1641,564,1951
4157,Vitoria,1642,564,1951
4158,Empate,1642,564,1952
4159,Vitoria,1643,564,1952
4160,Empate,1643,564,1953
4161,Vitoria,1644,564,1953
4162,Empate,1644,564,1954
4163,Vitoria,1645,564,1954
4164,Derrota,1645,565,1954
4165,Derrota,1645,566,1954
4166,Derrota,1645,567,1954
4167,Vitoria,1646,567,1954
4168,Empate,1646,567,1955
4169,Empate,1646,567,1956
4170,Empate,1646,567,1957
4171,Vitoria,1647,567,1957
4172,Empate,1647,567,1958
4173,Vitoria,1648,567,1958
4174,Empate,1648,567,1959
4175,Vitoria,1649,567,1959
4176,Empate,1649,567,1960
4177,Vitoria,1650,567,1960
4178,Empate,1650,567,1961
4179,Vitoria,1651,567,1961
4180,Empate,1651,567,1962
4181,Vitoria,1652,567,1962
4182,Empate,1652,567,1963
4183,Vitoria,1653,567,1963
4184,Empate,1653,567,1964
4185,Vitoria,1654,567,1964
4186,Empate,1654,567,1965
4187,Derrota,1654,568,1965
4188,Empate,1654,568,1966
4189,Vitoria,1655,568,1966
4190,Empate,1655,568,1967
4191,Vitoria,1656,568,1967
4192,Empate,1656,568,1968
4193,Vitoria,1657,568,1968
4194,Empate,1657,568,1969
4195,Vitoria,1658,568,1969
4196,Empate,1658,568,1970
4197,Vitoria,1659,568,1970
4198,Empate,1659,568,1971
4199,Vitoria,1660,568,1971
4200,Empate,1660,568,1972
4201,Vitoria,1661,568,1972
4202,Empate,1661,568,1973
4203,Vitoria,1662,568,1973
4204,Empate,1662,568,1974
4205,Vitoria,1663,568,1974
4206,Empate,1663,568,1975
4207,Vitoria,1664,568,1975
4208,Empate,1664,568,1976
4209,Vitoria,1665,568,1976
4210,Empate,1665,568,1977
4211,Vitoria,1666,568,1977
4212,Empate,1666,568,1978
4213,Vitoria,1667,568,1978
4214,Empate,1667,568,1979
4215,Vitoria,1668,568,1979
4216,Empate,1668,568,1980
4217,Vitoria,1669,568,1980
4218,Empate,1669,568,1981
4219,Empate,1669,568,1982
4220,Empate,1669,568,1983
4221,Vitoria,1670,568,1983
4222,Empate,1670,568,1984
4223,Vitoria,1671,568,1984
4224,Empate,1671,568,1985
4225,Vitoria,1672,568,1985
4226,Empate,1672,568,1986
4227,Derrota,1672,569,1986
4228,Empate,1672,569,1987
4229,Vitoria,1673,569,1987
4230,Empate,1673,569,1988
4231,Vitoria,1674,569,1988
4232,Derrota,1674,570,1988
4233,Vitoria,1675,570,1988
4234,Empate,1675,570,1989
4235,Vitoria,1676,570,1989
4236,Empate,1676,570,1990
4237,Vitoria,1677,570,1990
4238,Empate,1677,570,1991
4239,Derrota,1677,571,1991
4240,Empate,1677,571,1992
4241,Vitoria,1678,571,1992
4242,Derrota,1678,572,1992
4243,Vitoria,1679,572,1992
4244,Empate,1679,572,1993
4245,Vitoria,1680,572,1993
4246,Empate,1680,572,1994
4247,Vitoria,1681,572,1994
4248,Empate,1681,572,1995
4249,Vitoria,1682,572,1995
4250,Empate,1682,572,1996
4251,Vitoria,1683,572,1996
4252,Empate,1683,572,1997
4253,Vitoria,1684,572,1997
4254,Empate,1684,572,1998
4255,Vitoria,1685,572,1998
4256,Empate,1685,572,1999
4257,Vitoria,1686,572,1999
4258,Empate,1686,572,2000
4259,Vitoria,1687,572,2000
4260,Empate,1687,572,2001
4261,Vitoria,1688,572,2001
4262,Empate,1688,572,2002
4263,Vitoria,1689,572,2002
4264,Empate,1689,572,2003
4265,Vitoria,1690,572,2003
4266,Empate,1690,572,2004
4267,Vitoria,1691,572,2004
4268,Empate,1691,572,2005
4269,Vitoria,1692,572,2005
4270,Empate,1692,572,2006
4271,Vitoria,1693,572,2006
4272,Empate,1693,572,2007
4273,Vitoria,1694,572,2007
4274,Empate,1694,572,2008
4275,Vitoria,1695,572,2008
4276,Empate,1695,572,2009
4277,Vitoria,1696,572,2009
4278,Empate,1696,572,2010
4279,Vitoria,1697,572,2010
4280,Empate,1697,572,2011
4281,Vitoria,1698,572,2011
4282,Empate,1698,572,2012
4283,Vitoria,1699,572,2012
4284,Empate,1699,572,2013
4285,Vitoria,1700,572,2013
4286,Empate,1700,572,2014
4287,Vitoria,1701,572,2014
4288,Empate,1701,572,2015
4289,Empate,1701,572,2016
4290,Empate,1701,572,2017
4291,Vitoria,1702,572,2017
4292,Empate,1702,572,2018
4293,Vitoria,1703,572,2018
4294,Derrota,1703,573,2018
4295,Vitoria,1704,573,2018
4296,Empate,1704,573,2019
4297,Vitoria,1705,573,2019
4298,Empate,1705,573,2020
4299,Vitoria,1706,573,2020
4300,Empate,1706,573,2021
4301,Vitoria,1707,573,2021
4302,Empate,1707,573,2022
4303,Vitoria,1708,573,2022
4304,Empate,1708,573,2023
4305,Vitoria,1709,573,2023
4306,Derrota,1709,574,2023
4307,Vitoria,1710,574,2023
4308,Empate,1710,574,2024
4309,Vitoria,1711,574,2024
4310,Empate,1711,574,2025
4311,Vitoria,1712,574,2025
4312,Empate,1712,574,2026
4313,Vitoria,1713,574,2026
4314,Empate,1713,574,2027
4315,Vitoria,1714,574,2027
4316,Empate,1714,574,2028
4317,Vitoria,1715,574,2028
4318,Empate,1715,574,2029
4319,Vitoria,1716,574,2029
4320,Empate,1716,574,2030
4321,Vitoria,1717,574,2030
4322,Empate,1717,574,2031
4323,Vitoria,1718,574,2031
4324,Empate,1718,574,2032
4325,Vitoria,1719,574,2032
4326,Empate,1719,574,2033
4327,Vitoria,1720,574,2033
4328,Empate,1720,574,2034
4329,Derrota,1720,575,2034
4330,Empate,1720,575,2035
4331,Vitoria,1721,575,2035
4332,Empate,1721,575,2036
4333,Derrota,1721,576,2036
4334,Empate,1721,576,2037
4335,Vitoria,1722,576,2037
4336,Empate,1722,576,2038
4337,Vitoria,1723,576,2038
4338,Empate,1723,576,2039
4339,Vitoria,1724,576,2039
4340,Empate,1724,576,2040
4341,Vitoria,1725,576,2040
4342,Derrota,1725,577,2040
4343,Derrota,1725,578,2040
4344,Empate,1725,578,2041
4345,Vitoria,1726,578,2041
4346,Empate,1726,578,2042
4347,Vitoria,1727,578,2042
4348,Empate,1727,578,2043
4349,Vitoria,1728,578,2043
4350,Empate,1728,578,2044
4351,Vitoria,1729,578,2044
4352,Empate,1729,578,2045
4353,Vitoria,1730,578,2045
4354,Empate,1730,578,2046
4355,Vitoria,1731,578,2046
4356,Empate,1731,578,2047
4357,Vitoria,1732,578,2047
4358,Empate,1732,578,2048
4359,Vitoria,1733,578,2048
4360,Empate,1733,578,2049
4361,Vitoria,1734,578,2049
4362,Empate,1734,578,2050
4363,Vitoria,1735,578,2050
4364,Empate,1735,578,2051
4365,Vitoria,1736,578,2051
4366,Empate,1736,578,2052
4367,Vitoria,1737,578,2052
4368,Empate,1737,578,2053
4369,Vitoria,1738,578,2053
4370,Empate,1738,578,2054
4371,Vitoria,1739,578,2054
4372,Empate,1739,578,2055
4373,Vitoria,1740,578,2055
4374,Empate,1740,578,2056
4375,Vitoria,1741,578,2056
4376,Empate,1741,578,2057
4377,Empate,1741,578,2058
4378,Empate,1741,578,2059
4379,Vitoria,1742,578,2059
4380,Derrota,1742,579,2059
4381,Vitoria,1743,579,2059
4382,Empate,1743,579,2060
4383,Vitoria,1744,579,2060
4384,Empate,1744,579,2061
4385,Vitoria,1745,579,2061
4386,Derrota,1745,580,2061
4387,Vitoria,1746,580,2061
4388,Empate,1746,580,2062
4389,Vitoria,1747,580,2062
4390,Empate,1747,580,2063
4391,Vitoria,1748,580,2063
4392,Empate,1748,580,2064
4393,Vitoria,1749,580,2064
4394,Empate,1749,580,2065
4395,Vitoria,1750,580,2065
4396,Empate,1750,580,2066
4397,Empate,1750,580,2067
4398,Empate,1750,580,2068
4399,Empate,1750,580,2069
4400,Empate,1750,580,2070
4401,Derrota,1750,581,2070
4402,Empate,1750,581,2071
4403,Vitoria,1751,581,2071
4404,Empate,1751,581,2072
4405,Vitoria,1752,581,2072
4406,Empate,1752,581,2073
4407,Vitoria,1753,581,2073
4408,Empate,1753,581,2074
4409,Vitoria,1754,581,2074
4410,Empate,1754,581,2075
4411,Empate,1754,581,2076
4412,Empate,1754,581,2077
4413,Vitoria,1755,581,2077
4414,Empate,1755,581,2078
4415,Vitoria,1756,581,2078
4416,Empate,1756,581,2079
4417,Vitoria,1757,581,2079
4418,Empate,1757,581,2080
4419,Vitoria,1758,581,2080
4420,Empate,1758,581,2081
4421,Vitoria,1759,581,2081
4422,Empate,1759,581,2082
4423,Vitoria,1760,581,2082
4424,Empate,1760,581,2083
4425,Vitoria,1761,581,2083
4426,Empate,1761,581,2084
4427,Vitoria,1762,581,2084
4428,Empate,1762,581,2085
4429,Derrota,1762,582,2085
4430,Empate,1762,582,2086
4431,Vitoria,1763,582,2086
4432,Derrota,1763,583,2086
4433,Vitoria,1764,583,2086
4434,Empate,1764,583,2087
4435,Empate,1764,583,2088
4436,Empate,1764,583,2089
4437,Vitoria,1765,583,2089
4438,Empate,1765,583,2090
4439,Vitoria,1766,583,2090
4440,Empate,1766,583,2091
4441,Empate,1766,583,2092
4442,Empate,1766,583,2093
4443,Vitoria,1767,583,2093
4444,Empate,1767,583,2094
4445,Vitoria,1768,583,2094
4446,Empate,1768,583,2095
4447,Vitoria,1769,583,2095
4448,Empate,1769,583,2096
4449,Empate,1769,583,2097
4450,Empate,1769,583,2098
4451,Vitoria,1770,583,2098
4452,Empate,1770,583,2099
4453,Vitoria,1771,583,2099
4454,Empate,1771,583,2100
4455,Vitoria,1772,583,2100
4456,Empate,1772,583,2101
4457,Vitoria,1773,583,2101
4458,Empate,1773,583,2102
4459,Vitoria,1774,583,2102
4460,Empate,1774,583,2103
4461,Vitoria,1775,583,2103
4462,Empate,1775,583,2104
4463,Vitoria,1776,583,2104
4464,Empate,1776,583,2105
4465,Vitoria,1777,583,2105
4466,Empate,1777,583,2106
4467,Vitoria,1778,583,2106
4468,Empate,1778,583,2107
4469,Vitoria,1779,583,2107
4470,Empate,1779,583,2108
4471,Vitoria,1780,583,2108
4472,Empate,1780,583,2109
4473,Vitoria,1781,583,2109
4474,Empate,1781,583,2110
4475,Vitoria,1782,583,2110
4476,Empate,1782,583,2111
4477,Empate,1782,583,2112
4478,Empate,1782,583,2113
4479,Vitoria,1783,583,2113
4480,Empate,1783,583,2114
4481,Vitoria,1784,583,2114
4482,Empate,1784,583,2115
4483,Vitoria,1785,583,2115
4484,Empate,1785,583,2116
4485,Vitoria,1786,583,2116
4486,Empate,1786,583,2117
4487,Vitoria,1787,583,2117
4488,Empate,1787,583,2118
4489,Vitoria,1788,583,2118
4490,Empate,1788,583,2119
4491,Vitoria,1789,583,2119
4492,Empate,1789,583,2120
4493,Vitoria,1790,583,2120
4494,Empate,1790,583,2121
4495,Vitoria,1791,583,2121
4496,Empate,1791,583,2122
4497,Vitoria,1792,583,2122
4498,Derrota,1792,584,2122
4499,Vitoria,1793,584,2122
4500,Empate,1793,584,2123
4501,Vitoria,1794,584,2123
4502,Empate,1794,584,2124
4503,Vitoria,1795,584,2124
4504,Empate,1795,584,2125
4505,Vitoria,1796,584,2125
4506,Empate,1796,584,2126
4507,Vitoria,1797,584,2126
4508,Empate,1797,584,2127
4509,Empate,1797,584,2128
4510,Empate,1797,584,2129
4511,Vitoria,1798,584,2129
4512,Empate,1798,584,2130
4513,Empate,1798,584,2131
4514,Empate,1798,584,2132
4515,Vitoria,1799,584,2132
4516,Empate,1799,584,2133
4517,Vitoria,1800,584,2133
4518,Empate,1800,584,2134
4519,Vitoria,1801,584,2134
4520,Derrota,1801,585,2134
4521,Vitoria,1802,585,2134
4522,Empate,1802,585,2135
4523,Vitoria,1803,585,2135
4524,Derrota,1803,586,2135
4525,Vitoria,1804,586,2135
4526,Empate,1804,586,2136
4527,Vitoria,1805,586,2136
4528,Empate,1805,586,2137
4529,Vitoria,1806,586,2137
4530,Empate,1806,586,2138
4531,Empate,1806,586,2139
4532,Empate,1806,586,2140
4533,Derrota,1806,587,2140
4534,Empate,1806,587,2141
4535,Vitoria,1807,587,2141
4536,Empate,1807,587,2142
4537,Vitoria,1808,587,2142
4538,Derrota,1808,588,2142
4539,Vitoria,1809,588,2142
4540,Empate,1809,588,2143
4541,Vitoria,1810,588,2143
4542,Empate,1810,588,2144
4543,Vitoria,1811,588,2144
4544,Empate,1811,588,2145
4545,Vitoria,1812,588,2145
4546,Empate,1812,588,2146
4547,Vitoria,1813,588,2146
4548,Empate,1813,588,2147
4549,Derrota,1813,589,2147
4550,Empate,1813,589,2148
4551,Vitoria,1814,589,2148
4552,Empate,1814,589,2149
4553,Vitoria,1815,589,2149
4554,Derrota,1815,590,2149
4555,Vitoria,1816,590,2149
4556,Empate,1816,590,2150
4557,Vitoria,1817,590,2150
4558,Empate,1817,590,2151
4559,Vitoria,1818,590,2151
4560,Empate,1818,590,2152
4561,Vitoria,1819,590,2152
4562,Empate,1819,590,2153
4563,Vitoria,1820,590,2153
4564,Empate,1820,590,2154
4565,Empate,1820,590,2155
4566,Empate,1820,590,2156
4567,Vitoria,1821,590,2156
4568,Empate,1821,590,2157
4569,Vitoria,1822,590,2157
4570,Empate,1822,590,2158
4571,Vitoria,1823,590,2158
4572,Empate,1823,590,2159
4573,Vitoria,1824,590,2159
4574,Empate,1824,590,2160
4575,Vitoria,1825,590,2160
4576,Empate,1825,590,2161
4577,Vitoria,1826,590,2161
4578,Empate,1826,590,2162
4579,Vitoria,1827,590,2162
4580,Derrota,1827,591,2162
4581,Empate,1827,591,2163
4582,Empate,1827,591,2164
4583,Vitoria,1828,591,2164
4584,Empate,1828,591,2165
4585,Vitoria,1829,591,2165
4586,Empate,1829,591,2166
4587,Vitoria,1830,591,2166
4588,Empate,1830,591,2167
4589,Vitoria,1831,591,2167
4590,Empate,1831,591,2168
4591,Vitoria,1832,591,2168
4592,Derrota,1832,592,2168
4593,Derrota,1832,593,2168
4594,Empate,1832,593,2169
4595,Vitoria,1833,593,2169
4596,Empate,1833,593,2170
4597,Vitoria,1834,593,2170
4598,Empate,1834,593,2171
4599,Vitoria,1835,593,2171
4600,Empate,1835,593,2172
4601,Vitoria,1836,593,2172
4602,Empate,1836,593,2173
4603,Vitoria,1837,593,2173
4604,Empate,1837,593,2174
4605,Vitoria,1838,593,2174
4606,Empate,1838,593,2175
4607,Vitoria,1839,593,2175
4608,Empate,1839,593,2176
4609,Vitoria,1840,593,2176
4610,Empate,1840,593,2177
4611,Vitoria,1841,593,2177
4612,Empate,1841,593,2178
4613,Vitoria,1842,593,2178
4614,Empate,1842,593,2179
4615,Vitoria,1843,593,2179
4616,Derrota,1843,594,2179
4617,Vitoria,1844,594,2179
4618,Empate,1844,594,2180
4619,Vitoria,1845,594,2180
4620,Empate,1845,594,2181
4621,Vitoria,1846,594,2181
4622,Empate,1846,594,2182
4623,Vitoria,1847,594,2182
4624,Empate,1847,594,2183
4625,Vitoria,1848,594,2183
4626,Empate,1848,594,2184
4627,Vitoria,1849,594,2184
4628,Empate,1849,594,2185
4629,Vitoria,1850,594,2185
4630,Empate,1850,594,2186
4631,Vitoria,1851,594,2186
4632,Empate,1851,594,2187
4633,Vitoria,1852,594,2187
4634,Empate,1852,594,2188
4635,Vitoria,1853,594,2188
4636,Empate,1853,594,2189
4637,Vitoria,1854,594,2189
4638,Empate,1854,594,2190
4639,Vitoria,1855,594,2190
4640,Derrota,1855,595,2190
4641,Vitoria,1856,595,2190
4642,Empate,1856,595,2191
4643,Empate,1856,595,2192
4644,Empate,1856,595,2193
4645,Vitoria,1857,595,2193
4646,Empate,1857,595,2194
4647,Vitoria,1858,595,2194
4648,Empate,1858,595,2195
4649,Vitoria,1859,595,2195
4650,Empate,1859,595,2196
4651,Vitoria,1860,595,2196
4652,Empate,1860,595,2197
4653,Vitoria,1861,595,2197
4654,Empate,1861,595,2198
4655,Vitoria,1862,595,2198
4656,Empate,1862,595,2199
4657,Vitoria,1863,595,2199
4658,Empate,1863,595,2200
4659,Vitoria,1864,595,2200
4660,Empate,1864,595,2201
4661,Vitoria,1865,595,2201
4662,Empate,1865,595,2202
4663,Vitoria,1866,595,2202
4664,Empate,1866,595,2203
4665,Vitoria,1867,595,2203
4666,Derrota,1867,596,2203
4667,Vitoria,1868,596,2203
4668,Empate,1868,596,2204
4669,Vitoria,1869,596,2204
4670,Derrota,1869,597,2204
4671,Vitoria,1870,597,2204
4672,Empate,1870,597,2205
4673,Vitoria,1871,597,2205
4674,Empate,1871,597,2206
4675,Vitoria,1872,597,2206
4676,Empate,1872,597,2207
4677,Vitoria,1873,597,2207
4678,Empate,1873,597,2208
4679,Vitoria,1874,597,2208
4680,Empate,1874,597,2209
4681,Derrota,1874,598,2209
4682,Empate,1874,598,2210
4683,Vitoria,1875,598,2210
4684,Empate,1875,598,2211
4685,Vitoria,1876,598,2211
4686,Derrota,1876,599,2211
4687,Vitoria,1877,599,2211
4688,Empate,1877,599,2212
4689,Vitoria,1878,599,2212
4690,Empate,1878,599,2213
4691,Vitoria,1879,599,2213
4692,Empate,1879,599,2214
4693,Empate,1879,599,2215
4694,Empate,1879,599,2216
4695,Vitoria,1880,599,2216
4696,Empate,1880,599,2217
4697,Vitoria,1881,599,2217
4698,Empate,1881,599,2218
4699,Vitoria,1882,599,2218
4700,Empate,1882,599,2219
4701,Vitoria,1883,599,2219
4702,Empate,1883,599,2220
4703,Vitoria,1884,599,2220
4704,Empate,1884,599,2221
4705,Vitoria,1885,599,2221
4706,Empate,1885,599,2222
4707,Vitoria,1886,599,2222
4708,Empate,1886,599,2223
4709,Vitoria,1887,599,2223
4710,Empate,1887,599,2224
4711,Vitoria,1888,599,2224
4712,Empate,1888,599,2225
4713,Vitoria,1889,599,2225
4714,Empate,1889,599,2226
4715,Vitoria,1890,599,2226
4716,Empate,1890,599,2227
4717,Vitoria,1891,599,2227
4718,Empate,1891,599,2228
4719,Vitoria,1892,599,2228
4720,Empate,1892,599,2229
4721,Derrota,1892,600,2229
4722,Empate,1892,600,2230
4723,Vitoria,1893,600,2230
4724,Empate,1893,600,2231
4725,Vitoria,1894,600,2231
4726,Empate,1894,600,2232
4727,Vitoria,1895,600,2232
4728,Empate,1895,600,2233
4729,Vitoria,1896,600,2233
4730,Empate,1896,600,2234
4731,Vitoria,1897,600,2234
4732,Empate,1897,600,2235
4733,Vitoria,1898,600,2235
4734,Empate,1898,600,2236
4735,Vitoria,1899,600,2236
4736,Empate,1899,600,2237
4737,Vitoria,1900,600,2237
4738,Empate,1900,600,2238
4739,Empate,1900,600,2239
4740,Empate,1900,600,2240
4741,Vitoria,1901,600,2240
4742,Empate,1901,600,2241
4743,Vitoria,1902,600,2241
4744,Empate,1902,600,2242
4745,Vitoria,1903,600,2242
4746,Derrota,1903,601,2242
4747,Vitoria,1904,601,2242
4748,Empate,1904,601,2243
4749,Vitoria,1905,601,2243
4750,Empate,1905,601,2244
4751,Vitoria,1906,601,2244
4752,Empate,1906,601,2245
4753,Vitoria,1907,601,2245
4754,Empate,1907,601,2246
4755,Vitoria,1908,601,2246
4756,Empate,1908,601,2247
4757,Vitoria,1909,601,2247
4758,Empate,1909,601,2248
4759,Derrota,1909,602,2248
4760,Empate,1909,602,2249
4761,Vitoria,1910,602,2249
4762,Empate,1910,602,2250
4763,Vitoria,1911,602,2250
4764,Empate,1911,602,2251
4765,Vitoria,1912,602,2251
4766,Empate,1912,602,2252
4767,Vitoria,1913,602,2252
4768,Empate,1913,602,2253
4769,Vitoria,1914,602,2253
4770,Empate,1914,602,2254
4771,Vitoria,1915,602,2254
4772,Empate,1915,602,2255
4773,Empate,1915,602,2256
4774,Empate,1915,602,2257
4775,Vitoria,1916,602,2257
4776,Derrota,1916,603,2257
4777,Vitoria,1917,603,2257
4778,Empate,1917,603,2258
4779,Vitoria,1918,603,2258
4780,Empate,1918,603,2259
4781,Vitoria,1919,603,2259
4782,Empate,1919,603,2260
4783,Vitoria,1920,603,2260
4784,Empate,1920,603,2261
4785,Vitoria,1921,603,2261
4786,Empate,1921,603,2262
4787,Vitoria,1922,603,2262
4788,Empate,1922,603,2263
4789,Vitoria,1923,603,2263
4790,Empate,1923,603,2264
4791,Vitoria,1924,603,2264
4792,Derrota,1924,604,2264
4793,Empate,1924,604,2265
4794,Empate,1924,604,2266
4795,Vitoria,1925,604,2266
4796,Empate,1925,604,2267
4797,Vitoria,1926,604,2267
4798,Empate,1926,604,2268
4799,Vitoria,1927,604,2268
4800,Empate,1927,604,2269
4801,Vitoria,1928,604,2269
4802,Empate,1928,604,2270
4803,Vitoria,1929,604,2270
4804,Empate,1929,604,2271
4805,Vitoria,1930,604,2271
4806,Empate,1930,604,2272
4807,Vitoria,1931,604,2272
4808,Empate,1931,604,2273
4809,Vitoria,1932,604,2273
4810,Empate,1932,604,2274
4811,Vitoria,1933,604,2274
4812,Empate,1933,604,2275
4813,Vitoria,1934,604,2275
4814,Empate,1934,604,2276
4815,Derrota,1934,605,2276
4816,Empate,1934,605,2277
4817,Vitoria,1935,605,2277
4818,Empate,1935,605,2278
4819,Vitoria,1936,605,2278
4820,Empate,1936,605,2279
4821,Vitoria,1937,605,2279
4822,Empate,1937,605,2280
4823,Vitoria,1938,605,2280
4824,Empate,1938,605,2281
4825,Vitoria,1939,605,2281
4826,Empate,1939,605,2282
4827,Vitoria,1940,605,2282
4828,Empate,1940,605,2283
4829,Vitoria,1941,605,2283
4830,Derrota,1941,606,2283
4831,Vitoria,1942,606,2283
4832,Empate,1942,606,2284
4833,Vitoria,1943,606,2284
4834,Empate,1943,606,2285
4835,Vitoria,1944,606,2285
4836,Empate,1944,606,2286
4837,Vitoria,1945,606,2286
4838,Empate,1945,606,2287
4839,Vitoria,1946,606,2287
4840,Empate,1946,606,2288
4841,Vitoria,1947,606,2288
4842,Derrota,1947,607,2288
4843,Vitoria,1948,607,2288
4844,Empate,1948,607,2289
4845,Vitoria,1949,607,2289
4846,Empate,1949,607,2290
4847,Derrota,1949,608,2290
4848,Empate,1949,608,2291
4849,Vitoria,1950,608,2291
4850,Empate,1950,608,2292
4851,Empate,1950,608,2293
4852,Empate,1950,608,2294
4853,Vitoria,1951,608,2294
4854,Empate,1951,608,2295
4855,Vitoria,1952,608,2295
4856,Empate,1952,608,2296
4857,Vitoria,1953,608,2296
4858,Empate,1953,608,2297
4859,Vitoria,1954,608,2297
4860,Derrota,1954,609,2297
4861,Vitoria,1955,609,2297
4862,Empate,1955,609,2298
4863,Vitoria,1956,609,2298
4864,Empate,1956,609,2299
4865,Empate,1956,609,2300
4866,Empate,1956,609,2301
4867,Vitoria,1957,609,2301
4868,Empate,1957,609,2302
4869,Vitoria,1958,609,2302
4870,Empate,1958,609,2303
4871,Vitoria,1959,609,2303
4872,Derrota,1959,610,2303
4873,Vitoria,1960,610,2303
4874,Empate,1960,610,2304
4875,Vitoria,1961,610,2304
4876,Empate,1961,610,2305
4877,Vitoria,1962,610,2305
4878,Empate,1962,610,2306
4879,Vitoria,1963,610,2306
4880,Empate,1963,610,2307
4881,Derrota,1963,611,2307
4882,Empate,1963,611,2308
4883,Derrota,1963,612,2308
4884,Empate,1963,612,2309
4885,Vitoria,1964,612,2309
4886,Empate,1964,612,2310
4887,Vitoria,1965,612,2310
4888,Empate,1965,612,2311
4889,Vitoria,1966,612,2311
4890,Empate,1966,612,2312
4891,Vitoria,1967,612,2312
4892,Empate,1967,612,2313
4893,Empate,1967,612,2314
4894,Empate,1967,612,2315
4895,Vitoria,1968,612,2315
4896,Empate,1968,612,2316
4897,Vitoria,1969,612,2316
4898,Empate,1969,612,2317
4899,Empate,1969,612,2318
4900,Derrota,1969,613,2318
4901,Vitoria,1970,613,2318
4902,Empate,1970,613,2319
4903,Vitoria,1971,613,2319
4904,Empate,1971,613,2320
4905,Vitoria,1972,613,2320
4906,Empate,1972,613,2321
4907,Empate,1972,613,2322
4908,Empate,1972,613,2323
4909,Empate,1972,613,2324
4910,Empate,1972,613,2325
4911,Vitoria,1973,613,2325
4912,Empate,1973,613,2326
4913,Vitoria,1974,613,2326
4914,Empate,1974,613,2327
4915,Vitoria,1975,613,2327
4916,Derrota,1975,614,2327
4917,Vitoria,1976,614,2327
4918,Empate,1976,614,2328
4919,Vitoria,1977,614,2328
4920,Empate,1977,614,2329
4921,Vitoria,1978,614,2329
4922,Empate,1978,614,2330
4923,Vitoria,1979,614,2330
4924,Empate,1979,614,2331
4925,Empate,1979,614,2332
4926,Empate,1979,614,2333
4927,Vitoria,1980,614,2333
4928,Empate,1980,614,2334
4929,Vitoria,1981,614,2334
4930,Empate,1981,614,2335
4931,Vitoria,1982,614,2335
4932,Derrota,1982,615,2335
4933,Vitoria,1983,615,2335
4934,Empate,1983,615,2336
4935,Vitoria,1984,615,2336
4936,Empate,1984,615,2337
4937,Vitoria,1985,615,2337
4938,Empate,1985,615,2338
4939,Vitoria,1986,615,2338
4940,Empate,1986,615,2339
4941,Vitoria,1987,615,2339
4942,Empate,1987,615,2340
4943,Vitoria,1988,615,2340
4944,Empate,1988,615,2341
4945,Vitoria,1989,615,2341
4946,Empate,1989,615,2342
4947,Vitoria,1990,615,2342
4948,Derrota,1990,616,2342
4949,Vitoria,1991,616,2342
4950,Empate,1991,616,2343
4951,Empate,1991,616,2344
4952,Empate,1991,616,2345
4953,Vitoria,1992,616,2345
4954,Empate,1992,616,2346
4955,Vitoria,1993,616,2346
4956,Empate,1993,616,2347
4957,Vitoria,1994,616,2347
4958,Derrota,1994,617,2347
4959,Vitoria,1995,617,2347
4960,Empate,1995,617,2348
4961,Vitoria,1996,617,2348
4962,Empate,1996,617,2349
4963,Vitoria,1997,617,2349
4964,Empate,1997,617,2350
4965,Vitoria,1998,617,2350
4966,Empate,1998,617,2351
4967,Vitoria,1999,617,2351
4968,Empate,1999,617,2352
4969,Vitoria,2000,617,2352
4970,Empate,2000,617,2353
4971,Vitoria,2001,617,2353
4972,Empate,2001,617,2354
4973,Vitoria,2002,617,2354
4974,Empate,2002,617,2355
4975,Vitoria,2003,617,2355
4976,Empate,2003,617,2356
4977,Vitoria,2004,617,2356
4978,Empate,2004,617,2357
4979,Vitoria,2005,617,2357
4980,Empate,2005,617,2358
4981,Vitoria,2006,617,2358
4982,Empate,2006,617,2359
4983,Vitoria,2007,617,2359
4984,Empate,2007,617,2360
4985,Vitoria,2008,617,2360
4986,Empate,2008,617,2361
4987,Vitoria,2009,617,2361
4988,Empate,2009,617,2362
4989,Vitoria,2010,617,2362
4990,Empate,2010,617,2363
4991,Vitoria,2011,617,2363
4992,Empate,2011,617,2364
4993,Vitoria,2012,617,2364
4994,Empate,2012,617,2365
4995,Vitoria,2013,617,2365
4996,Empate,2013,617,2366
4997,Vitoria,2014,617,2366
4998,Empate,2014,617,2367
4999,Vitoria,2015,617,2367
5000,Empate,2015,617,2368
5001,Vitoria,2016,617,2368
5002,Empate,2016,617,2369
5003,Vitoria,2017,617,2369
5004,Empate,2017,617,2370
5005,Vitoria,2018,617,2370
5006,Empate,2018,617,2371
5007,Vitoria,2019,617,2371
5008,Empate,2019,617,2372
5009,Vitoria,2020,617,2372
5010,Empate,2020,617,2373
5011,Vitoria,2021,617,2373
5012,Empate,2021,617,2374
5013,Derrota,2021,618,2374
5014,Derrota,2021,619,2374
5015,Vitoria,2022,619,2374
5016,Empate,2022,619,2375
5017,Vitoria,2023,619,2375
5018,Empate,2023,619,2376
5019,Vitoria,2024,619,2376
5020,Empate,2024,619,2377
5021,Vitoria,2025,619,2377
5022,Empate,2025,619,2378
5023,Vitoria,2026,619,2378
5024,Empate,2026,619,2379
5025,Empate,2026,619,2380
5026,Empate,2026,619,2381
5027,Vitoria,2027,619,2381
5028,Empate,2027,619,2382
5029,Vitoria,2028,619,2382
5030,Empate,2028,619,2383
5031,Vitoria,2029,619,2383
5032,Empate,2029,619,2384
5033,Vitoria,2030,619,2384
5034,Empate,2030,619,2385
5035,Vitoria,2031,619,2385
5036,Empate,2031,619,2386
5037,Vitoria,2032,619,2386
5038,Empate,2032,619,2387
5039,Vitoria,2033,619,2387
5040,Empate,2033,619,2388
5041,Vitoria,2034,619,2388
5042,Empate,2034,619,2389
5043,Vitoria,2035,619,2389
5044,Empate,2035,619,2390
5045,Empate,2035,619,2391
5046,Empate,2035,619,2392
5047,Vitoria,2036,619,2392
5048,Empate,2036,619,2393
5049,Vitoria,2037,619,2393
5050,Empate,2037,619,2394
5051,Vitoria,2038,619,2394
5052,Empate,2038,619,2395
5053,Vitoria,2039,619,2395
5054,Empate,2039,619,2396
5055,Vitoria,2040,619,2396
5056,Empate,2040,619,2397
5057,Vitoria,2041,619,2397
5058,Empate,2041,619,2398
5059,Vitoria,2042,619,2398
5060,Empate,2042,619,2399
5061,Vitoria,2043,619,2399
5062,Empate,2043,619,2400
5063,Vitoria,2044,619,2400
5064,Derrota,2044,620,2400
5065,Vitoria,2045,620,2400
5066,Empate,2045,620,2401
5067,Vitoria,2046,620,2401
5068,Derrota,2046,621,2401
5069,Vitoria,2047,621,2401
5070,Empate,2047,621,2402
5071,Vitoria,2048,621,2402
5072,Empate,2048,621,2403
5073,Vitoria,2049,621,2403
5074,Empate,2049,621,2404
5075,Vitoria,2050,621,2404
5076,Empate,2050,621,2405
5077,Vitoria,2051,621,2405
5078,Empate,2051,621,2406
5079,Vitoria,2052,621,2406
5080,Empate,2052,621,2407
5081,Vitoria,2053,621,2407
5082,Empate,2053,621,2408
5083,Vitoria,2054,621,2408
5084,Empate,2054,621,2409
5085,Vitoria,2055,621,2409
5086,Empate,2055,621,2410
5087,Vitoria,2056,621,2410
5088,Empate,2056,621,2411
5089,Vitoria,2057,621,2411
5090,Empate,2057,621,2412
5091,Vitoria,2058,621,2412
5092,Empate,2058,621,2413
5093,Derrota,2058,622,2413
5094,Empate,2058,622,2414
5095,Vitoria,2059,622,2414
5096,Empate,2059,622,2415
5097,Vitoria,2060,622,2415
5098,Empate,2060,622,2416
5099,Vitoria,2061,622,2416
5100,Empate,2061,622,2417
5101,Vitoria,2062,622,2417
5102,Empate,2062,622,2418
5103,Vitoria,2063,622,2418
5104,Empate,2063,622,2419
5105,Vitoria,2064,622,2419
5106,Empate,2064,622,2420
5107,Vitoria,2065,622,2420
5108,Empate,2065,622,2421
5109,Vitoria,2066,622,2421
5110,Empate,2066,622,2422
5111,Vitoria,2067,622,2422
5112,Empate,2067,622,2423
5113,Vitoria,2068,622,2423
5114,Empate,2068,622,2424
5115,Vitoria,2069,622,2424
5116,Empate,2069,622,2425
5117,Vitoria,2070,622,2425
5118,Empate,2070,622,2426
5119,Vitoria,2071,622,2426
5120,Empate,2071,622,2427
5121,Vitoria,2072,622,2427
5122,Empate,2072,622,2428
5123,Vitoria,2073,622,2428
5124,Empate,2073,622,2429
5125,Vitoria,2074,622,2429
5126,Empate,2074,622,2430
5127,Derrota,2074,623,2430
5128,Empate,2074,623,2431
5129,Vitoria,2075,623,2431
5130,Empate,2075,623,2432
5131,Vitoria,2076,623,2432
5132,Empate,2076,623,2433
5133,Derrota,2076,624,2433
5134,Empate,2076,624,2434
5135,Vitoria,2077,624,2434
5136,Empate,2077,624,2435
5137,Vitoria,2078,624,2435
5138,Empate,2078,624,2436
5139,Vitoria,2079,624,2436
5140,Empate,2079,624,2437
5141,Empate,2079,624,2438
5142,Empate,2079,624,2439
5143,Vitoria,2080,624,2439
5144,Empate,2080,624,2440
5145,Vitoria,2081,624,2440
5146,Empate,2081,624,2441
5147,Vitoria,2082,624,2441
5148,Empate,2082,624,2442
5149,Vitoria,2083,624,2442
5150,Empate,2083,624,2443
5151,Vitoria,2084,624,2443
5152,Empate,2084,624,2444
5153,Vitoria,2085,624,2444
5154,Empate,2085,624,2445
5155,Empate,2085,624,2446
5156,Empate,2085,624,2447
5157,Vitoria,2086,624,2447
5158,Empate,2086,624,2448
5159,Vitoria,2087,624,2448
5160,Empate,2087,624,2449
5161,Vitoria,2088,624,2449
5162,Empate,2088,624,2450
5163,Vitoria,2089,624,2450
5164,Derrota,2089,625,2450
5165,Empate,2089,625,2451
5166,Empate,2089,625,2452
5167,Vitoria,2090,625,2452
5168,Empate,2090,625,2453
5169,Vitoria,2091,625,2453
5170,Empate,2091,625,2454
5171,Vitoria,2092,625,2454
5172,Empate,2092,625,2455
5173,Empate,2092,625,2456
5174,Empate,2092,625,2457
5175,Vitoria,2093,625,2457
5176,Empate,2093,625,2458
5177,Vitoria,2094,625,2458
5178,Empate,2094,625,2459
5179,Derrota,2094,626,2459
5180,Empate,2094,626,2460
5181,Vitoria,2095,626,2460
5182,Empate,2095,626,2461
5183,Vitoria,2096,626,2461
5184,Empate,2096,626,2462
5185,Vitoria,2097,626,2462
5186,Empate,2097,626,2463
5187,Vitoria,2098,626,2463
5188,Empate,2098,626,2464
5189,Empate,2098,626,2465
5190,Empate,2098,626,2466
5191,Vitoria,2099,626,2466
5192,Empate,2099,626,2467
5193,Vitoria,2100,626,2467
5194,Empate,2100,626,2468
5195,Vitoria,2101,626,2468
5196,Empate,2101,626,2469
5197,Vitoria,2102,626,2469
5198,Empate,2102,626,2470
5199,Vitoria,2103,626,2470
5200,Empate,2103,626,2471
5201,Vitoria,2104,626,2471
5202,Empate,2104,626,2472
5203,Derrota,2104,627,2472
5204,Empate,2104,627,2473
5205,Vitoria,2105,627,2473
5206,Empate,2105,627,2474
5207,Vitoria,2106,627,2474
5208,Empate,2106,627,2475
5209,Vitoria,2107,627,2475
5210,Empate,2107,627,2476
5211,Vitoria,2108,627,2476
5212,Empate,2108,627,2477
5213,Vitoria,2109,627,2477
5214,Empate,2109,627,2478
5215,Vitoria,2110,627,2478
5216,Derrota,2110,628,2478
5217,Vitoria,2111,628,2478
5218,Empate,2111,628,2479
5219,Vitoria,2112,628,2479
5220,Empate,2112,628,2480
5221,Vitoria,2113,628,2480
5222,Derrota,2113,629,2480
5223,Vitoria,2114,629,2480
5224,Empate,2114,629,2481
5225,Empate,2114,629,2482
5226,Empate,2114,629,2483
5227,Vitoria,2115,629,2483
5228,Empate,2115,629,2484
5229,Vitoria,2116,629,2484
5230,Empate,2116,629,2485
5231,Derrota,2116,630,2485
5232,Derrota,2116,631,2485
5233,Vitoria,2117,631,2485
5234,Derrota,2117,632,2485
5235,Vitoria,2118,632,2485
5236,Empate,2118,632,2486
5237,Vitoria,2119,632,2486
5238,Empate,2119,632,2487
5239,Vitoria,2120,632,2487
5240,Derrota,2120,633,2487
5241,Vitoria,2121,633,2487
5242,Empate,2121,633,2488
5243,Vitoria,2122,633,2488
5244,Empate,2122,633,2489
5245,Vitoria,2123,633,2489
5246,Empate,2123,633,2490
5247,Vitoria,2124,633,2490
5248,Empate,2124,633,2491
5249,Vitoria,2125,633,2491
5250,Empate,2125,633,2492
5251,Vitoria,2126,633,2492
5252,Empate,2126,633,2493
5253,Vitoria,2127,633,2493
5254,Empate,2127,633,2494
5255,Derrota,2127,634,2494
5256,Empate,2127,634,2495
5257,Vitoria,2128,634,2495
5258,Empate,2128,634,2496
5259,Vitoria,2129,634,2496
5260,Empate,2129,634,2497
5261,Vitoria,2130,634,2497
5262,Empate,2130,634,2498
5263,Vitoria,2131,634,2498
5264,Empate,2131,634,2499
5265,Vitoria,2132,634,2499
5266,Empate,2132,634,2500
5267,Vitoria,2133,634,2500
5268,Empate,2133,634,2501
5269,Empate,2133,634,2502
5270,Empate,2133,634,2503
5271,Vitoria,2134,634,2503
5272,Derrota,2134,635,2503
5273,Vitoria,2135,635,2503
5274,Empate,2135,635,2504
5275,Vitoria,2136,635,2504
5276,Empate,2136,635,2505
5277,Empate,2136,635,2506
5278,Empate,2136,635,2507
5279,Vitoria,2137,635,2507
5280,Empate,2137,635,2508
5281,Vitoria,2138,635,2508
5282,Empate,2138,635,2509
5283,Vitoria,2139,635,2509
5284,Empate,2139,635,2510
5285,Vitoria,2140,635,2510
5286,Empate,2140,635,2511
5287,Vitoria,2141,635,2511
5288,Empate,2141,635,2512
5289,Empate,2141,635,2513
5290,Empate,2141,635,2514
5291,Vitoria,2142,635,2514
5292,Empate,2142,635,2515
5293,Vitoria,2143,635,2515
5294,Empate,2143,635,2516
5295,Vitoria,2144,635,2516
5296,Empate,2144,635,2517
5297,Vitoria,2145,635,2517
5298,Empate,2145,635,2518
5299,Vitoria,2146,635,2518
5300,Empate,2146,635,2519
5301,Vitoria,2147,635,2519
5302,Empate,2147,635,2520
5303,Vitoria,2148,635,2520
5304,Empate,2148,635,2521
5305,Vitoria,2149,635,2521
5306,Empate,2149,635,2522
5307,Vitoria,2150,635,2522
5308,Empate,2150,635,2523
5309,Vitoria,2151,635,2523
5310,Empate,2151,635,2524
5311,Vitoria,2152,635,2524
5312,Empate,2152,635,2525
5313,Vitoria,2153,635,2525
5314,Empate,2153,635,2526
5315,Vitoria,2154,635,2526
5316,Empate,2154,635,2527
5317,Vitoria,2155,635,2527
5318,Empate,2155,635,2528
5319,Vitoria,2156,635,2528
5320,Empate,2156,635,2529
5321,Vitoria,2157,635,2529
5322,Empate,2157,635,2530
5323,Vitoria,2158,635,2530
5324,Empate,2158,635,2531
5325,Vitoria,2159,635,2531
5326,Derrota,2159,636,2531
5327,Vitoria,2160,636,2531
5328,Empate,2160,636,2532
5329,Vitoria,2161,636,2532
5330,Empate,2161,636,2533
5331,Vitoria,2162,636,2533
5332,Empate,2162,636,2534
5333,Vitoria,2163,636,2534
5334,Derrota,2163,637,2534
5335,Vitoria,2164,637,2534
5336,Empate,2164,637,2535
5337,Derrota,2164,638,2535
5338,Empate,2164,638,2536
5339,Vitoria,2165,638,2536
5340,Empate,2165,638,2537
5341,Vitoria,2166,638,2537
5342,Empate,2166,638,2538
5343,Vitoria,2167,638,2538
5344,Empate,2167,638,2539
5345,Vitoria,2168,638,2539
5346,Empate,2168,638,2540
5347,Vitoria,2169,638,2540
5348,Empate,2169,638,2541
5349,Vitoria,2170,638,2541
5350,Empate,2170,638,2542
5351,Empate,2170,638,2543
5352,Empate,2170,638,2544
5353,Vitoria,2171,638,2544
5354,Empate,2171,638,2545
5355,Vitoria,2172,638,2545
5356,Empate,2172,638,2546
5357,Derrota,2172,639,2546
5358,Empate,2172,639,2547
5359,Vitoria,2173,639,2547
5360,Derrota,2173,640,2547
5361,Empate,2173,640,2548
5362,Empate,2173,640,2549
5363,Vitoria,2174,640,2549
5364,Empate,2174,640,2550
5365,Vitoria,2175,640,2550
5366,Empate,2175,640,2551
5367,Vitoria,2176,640,2551
5368,Empate,2176,640,2552
5369,Vitoria,2177,640,2552
5370,Derrota,2177,641,2552
5371,Vitoria,2178,641,2552
5372,Derrota,2178,642,2552
5373,Vitoria,2179,642,2552
5374,Empate,2179,642,2553
5375,Empate,2179,642,2554
5376,Empate,2179,642,2555
5377,Vitoria,2180,642,2555
5378,Empate,2180,642,2556
5379,Vitoria,2181,642,2556
5380,Empate,2181,642,2557
5381,Vitoria,2182,642,2557
5382,Empate,2182,642,2558
5383,Vitoria,2183,642,2558
5384,Empate,2183,642,2559
5385,Vitoria,2184,642,2559
5386,Empate,2184,642,2560
5387,Vitoria,2185,642,2560
5388,Empate,2185,642,2561
5389,Empate,2185,642,2562
5390,Empate,2185,642,2563
5391,Vitoria,2186,642,2563
5392,Empate,2186,642,2564
5393,Vitoria,2187,642,2564
5394,Empate,2187,642,2565
5395,Vitoria,2188,642,2565
5396,Empate,2188,642,2566
5397,Derrota,2188,643,2566
5398,Empate,2188,643,2567
5399,Vitoria,2189,643,2567
5400,Empate,2189,643,2568
5401,Vitoria,2190,643,2568
5402,Empate,2190,643,2569
5403,Vitoria,2191,643,2569
5404,Empate,2191,643,2570
5405,Vitoria,2192,643,2570
5406,Empate,2192,643,2571
5407,Vitoria,2193,643,2571
5408,Empate,2193,643,2572
5409,Vitoria,2194,643,2572
5410,Empate,2194,643,2573
5411,Vitoria,2195,643,2573
5412,Empate,2195,643,2574
5413,Vitoria,2196,643,2574
5414,Empate,2196,643,2575
5415,Vitoria,2197,643,2575
5416,Derrota,2197,644,2575
5417,Vitoria,2198,644,2575
5418,Derrota,2198,645,2575
5419,Vitoria,2199,645,2575
5420,Empate,2199,645,2576
5421,Vitoria,2200,645,2576
5422,Empate,2200,645,2577
5423,Empate,2200,645,2578
5424,Empate,2200,645,2579
5425,Vitoria,2201,645,2579
5426,Empate,2201,645,2580
5427,Vitoria,2202,645,2580
5428,Empate,2202,645,2581
5429,Vitoria,2203,645,2581
5430,Empate,2203,645,2582
5431,Vitoria,2204,645,2582
5432,Empate,2204,645,2583
5433,Vitoria,2205,645,2583
5434,Empate,2205,645,2584
5435,Empate,2205,645,2585
5436,Empate,2205,645,2586
5437,Vitoria,2206,645,2586
5438,Empate,2206,645,2587
5439,Vitoria,2207,645,2587
5440,Empate,2207,645,2588
5441,Vitoria,2208,645,2588
5442,Empate,2208,645,2589
5443,Vitoria,2209,645,2589
5444,Empate,2209,645,2590
5445,Vitoria,2210,645,2590
5446,Derrota,2210,646,2590
5447,Vitoria,2211,646,2590
5448,Empate,2211,646,2591
5449,Vitoria,2212,646,2591
5450,Empate,2212,646,2592
5451,Empate,2212,646,2593
5452,Empate,2212,646,2594
5453,Empate,2212,646,2595
5454,Empate,2212,646,2596
5455,Vitoria,2213,646,2596
5456,Empate,2213,646,2597
5457,Vitoria,2214,646,2597
5458,Empate,2214,646,2598
5459,Derrota,2214,647,2598
5460,Empate,2214,647,2599
5461,Derrota,2214,648,2599
5462,Empate,2214,648,2600
5463,Vitoria,2215,648,2600
5464,Empate,2215,648,2601
5465,Vitoria,2216,648,2601
5466,Empate,2216,648,2602
5467,Vitoria,2217,648,2602
5468,Empate,2217,648,2603
5469,Empate,2217,648,2604
5470,Empate,2217,648,2605
5471,Vitoria,2218,648,2605
5472,Empate,2218,648,2606
5473,Vitoria,2219,648,2606
5474,Derrota,2219,649,2606
5475,Vitoria,2220,649,2606
5476,Empate,2220,649,2607
5477,Empate,2220,649,2608
5478,Empate,2220,649,2609
5479,Vitoria,2221,649,2609
5480,Empate,2221,649,2610
5481,Vitoria,2222,649,2610
5482,Empate,2222,649,2611
5483,Vitoria,2223,649,2611
5484,Empate,2223,649,2612
5485,Vitoria,2224,649,2612
5486,Derrota,2224,650,2612
5487,Empate,2224,650,2613
5488,Derrota,2224,651,2613
5489,Vitoria,2225,651,2613
5490,Empate,2225,651,2614
5491,Vitoria,2226,651,2614
5492,Empate,2226,651,2615
5493,Vitoria,2227,651,2615
5494,Empate,2227,651,2616
5495,Vitoria,2228,651,2616
5496,Derrota,2228,652,2616
5497,Vitoria,2229,652,2616
5498,Empate,2229,652,2617
5499,Vitoria,2230,652,2617
5500,Empate,2230,652,2618
5501,Empate,2230,652,2619
5502,Empate,2230,652,2620
5503,Vitoria,2231,652,2620
5504,Empate,2231,652,2621
5505,Vitoria,2232,652,2621
5506,Empate,2232,652,2622
5507,Vitoria,2233,652,2622
5508,Empate,2233,652,2623
5509,Vitoria,2234,652,2623
5510,Empate,2234,652,2624
5511,Vitoria,2235,652,2624
5512,Empate,2235,652,2625
5513,Vitoria,2236,652,2625
5514,Empate,2236,652,2626
5515,Vitoria,2237,652,2626
5516,Empate,2237,652,2627
5517,Vitoria,2238,652,2627
5518,Empate,2238,652,2628
5519,Derrota,2238,653,2628
5520,Derrota,2238,654,2628
5521,Vitoria,2239,654,2628
5522,Empate,2239,654,2629
5523,Vitoria,2240,654,2629
5524,Empate,2240,654,2630
5525,Empate,2240,654,2631
5526,Empate,2240,654,2632
5527,Vitoria,2241,654,2632
5528,Empate,2241,654,2633
5529,Vitoria,2242,654,2633
5530,Derrota,2242,655,2633
5531,Vitoria,2243,655,2633
5532,Empate,2243,655,2634
5533,Empate,2243,655,2635
5534,Empate,2243,655,2636
5535,Vitoria,2244,655,2636
5536,Empate,2244,655,2637
5537,Empate,2244,655,2638
5538,Empate,2244,655,2639
5539,Derrota,2244,656,2639
5540,Empate,2244,656,2640
5541,Vitoria,2245,656,2640
5542,Empate,2245,656,2641
5543,Vitoria,2246,656,2641
5544,Empate,2246,656,2642
5545,Vitoria,2247,656,2642
5546,Empate,2247,656,2643
5547,Vitoria,2248,656,2643
5548,Empate,2248,656,2644
5549,Vitoria,2249,656,2644
5550,Empate,2249,656,2645
5551,Vitoria,2250,656,2645
5552,Empate,2250,656,2646
5553,Empate,2250,656,2647
5554,Empate,2250,656,2648
5555,Vitoria,2251,656,2648
5556,Empate,2251,656,2649
5557,Vitoria,2252,656,2649
5558,Empate,2252,656,2650
5559,Vitoria,2253,656,2650
5560,Empate,2253,656,2651
5561,Vitoria,2254,656,2651
5562,Empate,2254,656,2652
5563,Vitoria,2255,656,2652
5564,Empate,2255,656,2653
5565,Vitoria,2256,656,2653
5566,Empate,2256,656,2654
5567,Vitoria,2257,656,2654
5568,Empate,2257,656,2655
5569,Derrota,2257,657,2655
5570,Empate,2257,657,2656
5571,Vitoria,2258,657,2656
5572,Empate,2258,657,2657
5573,Vitoria,2259,657,2657
5574,Empate,2259,657,2658
5575,Vitoria,2260,657,2658
5576,Empate,2260,657,2659
5577,Vitoria,2261,657,2659
5578,Empate,2261,657,2660
5579,Vitoria,2262,657,2660
5580,Empate,2262,657,2661
5581,Derrota,2262,658,2661
5582,Empate,2262,658,2662
5583,Vitoria,2263,658,2662
5584,Empate,2263,658,2663
5585,Vitoria,2264,658,2663
5586,Empate,2264,658,2664
5587,Vitoria,2265,658,2664
5588,Empate,2265,658,2665
5589,Vitoria,2266,658,2665
5590,Empate,2266,658,2666
5591,Derrota,2266,659,2666
5592,Empate,2266,659,2667
5593,Vitoria,2267,659,2667
5594,Derrota,2267,660,2667
5595,Vitoria,2268,660,2667
5596,Empate,2268,660,2668
5597,Vitoria,2269,660,2668
5598,Empate,2269,660,2669
5599,Derrota,2269,661,2669
5600,Empate,2269,661,2670
5601,Vitoria,2270,661,2670
5602,Derrota,2270,662,2670
5603,Vitoria,2271,662,2670
5604,Empate,2271,662,2671
5605,Vitoria,2272,662,2671
5606,Empate,2272,662,2672
5607,Vitoria,2273,662,2672
5608,Empate,2273,662,2673
5609,Vitoria,2274,662,2673
5610,Empate,2274,662,2674
5611,Vitoria,2275,662,2674
5612,Empate,2275,662,2675
5613,Empate,2275,662,2676
5614,Empate,2275,662,2677
5615,Vitoria,2276,662,2677
5616,Empate,2276,662,2678
5617,Vitoria,2277,662,2678
5618,Empate,2277,662,2679
5619,Vitoria,2278,662,2679
5620,Empate,2278,662,2680
5621,Vitoria,2279,662,2680
5622,Empate,2279,662,2681
5623,Vitoria,2280,662,2681
5624,Empate,2280,662,2682
5625,Empate,2280,662,2683
5626,Derrota,2280,663,2683
5627,Vitoria,2281,663,2683
5628,Empate,2281,663,2684
5629,Vitoria,2282,663,2684
5630,Empate,2282,663,2685
5631,Vitoria,2283,663,2685
5632,Empate,2283,663,2686
5633,Vitoria,2284,663,2686
5634,Empate,2284,663,2687
5635,Vitoria,2285,663,2687
5636,Empate,2285,663,2688
5637,Vitoria,2286,663,2688
5638,Empate,2286,663,2689
5639,Empate,2286,663,2690
5640,Empate,2286,663,2691
5641,Empate,2286,663,2692
5642,Derrota,2286,664,2692
5643,Vitoria,2287,664,2692
5644,Empate,2287,664,2693
5645,Vitoria,2288,664,2693
5646,Derrota,2288,665,2693
5647,Derrota,2288,666,2693
5648,Derrota,2288,667,2693
5649,Vitoria,2289,667,2693
5650,Empate,2289,667,2694
5651,Vitoria,2290,667,2694
5652,Empate,2290,667,2695
5653,Empate,2290,667,2696
5654,Empate,2290,667,2697
5655,Vitoria,2291,667,2697
5656,Empate,2291,667,2698
5657,Vitoria,2292,667,2698
5658,Derrota,2292,668,2698
5659,Vitoria,2293,668,2698
5660,Empate,2293,668,2699
5661,Vitoria,2294,668,2699
5662,Empate,2294,668,2700
5663,Vitoria,2295,668,2700
5664,Derrota,2295,669,2700
5665,Vitoria,2296,669,2700
5666,Empate,2296,669,2701
5667,Vitoria,2297,669,2701
5668,Empate,2297,669,2702
5669,Vitoria,2298,669,2702
5670,Empate,2298,669,2703
5671,Empate,2298,669,2704
5672,Empate,2298,669,2705
5673,Empate,2298,669,2706
5674,Empate,2298,669,2707
5675,Empate,2298,669,2708
5676,Empate,2298,669,2709
5677,Vitoria,2299,669,2709
5678,Empate,2299,669,2710
5679,Vitoria,2300,669,2710
5680,Empate,2300,669,2711
5681,Vitoria,2301,669,2711
5682,Empate,2301,669,2712
5683,Vitoria,2302,669,2712
5684,Empate,2302,669,2713
5685,Vitoria,2303,669,2713
5686,Empate,2303,669,2714
5687,Vitoria,2304,669,2714
5688,Empate,2304,669,2715
5689,Vitoria,2305,669,2715
5690,Derrota,2305,670,2715
5691,Derrota,2305,671,2715
5692,Empate,2305,671,2716
5693,Empate,2305,671,2717
5694,Empate,2305,671,2718
5695,Empate,2305,671,2719
5696,Empate,2305,671,2720
5697,Vitoria,2306,671,2720
5698,Empate,2306,671,2721
5699,Vitoria,2307,671,2721
5700,Empate,2307,671,2722
5701,Derrota,2307,672,2722
5702,Empate,2307,672,2723
5703,Vitoria,2308,672,2723
5704,Empate,2308,672,2724
5705,Vitoria,2309,672,2724
5706,Empate,2309,672,2725
5707,Vitoria,2310,672,2725
5708,Empate,2310,672,2726
5709,Vitoria,2311,672,2726
5710,Empate,2311,672,2727
5711,Vitoria,2312,672,2727
5712,Empate,2312,672,2728
5713,Vitoria,2313,672,2728
5714,Empate,2313,672,2729
5715,Vitoria,2314,672,2729
5716,Empate,2314,672,2730
5717,Vitoria,2315,672,2730
5718,Derrota,2315,673,2730
5719,Vitoria,2316,673,2730
5720,Empate,2316,673,2731
5721,Vitoria,2317,673,2731
5722,Empate,2317,673,2732
5723,Vitoria,2318,673,2732
5724,Empate,2318,673,2733
5725,Vitoria,2319,673,2733
5726,Derrota,2319,674,2733
5727,Vitoria,2320,674,2733
5728,Empate,2320,674,2734
5729,Derrota,2320,675,2734
5730,Empate,2320,675,2735
5731,Empate,2320,675,2736
5732,Empate,2320,675,2737
5733,Vitoria,2321,675,2737
5734,Empate,2321,675,2738
5735,Vitoria,2322,675,2738
5736,Empate,2322,675,2739
5737,Vitoria,2323,675,2739
5738,Derrota,2323,676,2739
5739,Derrota,2323,677,2739
5740,Empate,2323,677,2740
5741,Vitoria,2324,677,2740
5742,Empate,2324,677,2741
5743,Vitoria,2325,677,2741
5744,Derrota,2325,678,2741
5745,Vitoria,2326,678,2741
5746,Empate,2326,678,2742
5747,Vitoria,2327,678,2742
5748,Empate,2327,678,2743
5749,Vitoria,2328,678,2743
5750,Empate,2328,678,2744
5751,Vitoria,2329,678,2744
5752,Empate,2329,678,2745
5753,Vitoria,2330,678,2745
5754,Derrota,2330,679,2745
5755,Derrota,2330,680,2745
5756,Empate,2330,680,2746
5757,Vitoria,2331,680,2746
5758,Empate,2331,680,2747
5759,Vitoria,2332,680,2747
5760,Empate,2332,680,2748
5761,Derrota,2332,681,2748
5762,Empate,2332,681,2749
5763,Vitoria,2333,681,2749
5764,Empate,2333,681,2750
5765,Empate,2333,681,2751
5766,Empate,2333,681,2752
5767,Vitoria,2334,681,2752
5768,Empate,2334,681,2753
5769,Vitoria,2335,681,2753
5770,Empate,2335,681,2754
5771,Vitoria,2336,681,2754
5772,Empate,2336,681,2755
5773,Vitoria,2337,681,2755
5774,Empate,2337,681,2756
5775,Vitoria,2338,681,2756
5776,Empate,2338,681,2757
5777,Vitoria,2339,681,2757
5778,Empate,2339,681,2758
5779,Vitoria,2340,681,2758
5780,Empate,2340,681,2759
5781,Vitoria,2341,681,2759
5782,Empate,2341,681,2760
5783,Derrota,2341,682,2760
5784,Empate,2341,682,2761
5785,Vitoria,2342,682,2761
5786,Empate,2342,682,2762
5787,Vitoria,2343,682,2762
5788,Empate,2343,682,2763
5789,Vitoria,2344,682,2763
5790,Empate,2344,682,2764
5791,Vitoria,2345,682,2764
5792,Empate,2345,682,2765
5793,Derrota,2345,683,2765
5794,Empate,2345,683,2766
5795,Vitoria,2346,683,2766
5796,Empate,2346,683,2767
5797,Vitoria,2347,683,2767
5798,Empate,2347,683,2768
5799,Vitoria,2348,683,2768
5800,Empate,2348,683,2769
5801,Derrota,2348,684,2769
5802,Empate,2348,684,2770
5803,Vitoria,2349,684,2770
5804,Empate,2349,684,2771
5805,Vitoria,2350,684,2771
5806,Empate,2350,684,2772
5807,Vitoria,2351,684,2772
5808,Empate,2351,684,2773
5809,Vitoria,2352,684,2773
5810,Empate,2352,684,2774
5811,Vitoria,2353,684,2774
5812,Empate,2353,684,2775
5813,Vitoria,2354,684,2775
5814,Empate,2354,684,2776
5815,Derrota,2354,685,2776
5816,Empate,2354,685,2777
5817,Vitoria,2355,685,2777
5818,Empate,2355,685,2778
5819,Vitoria,2356,685,2778
5820,Empate,2356,685,2779
5821,Vitoria,2357,685,2779
5822,Empate,2357,685,2780
5823,Vitoria,2358,685,2780
5824,Empate,2358,685,2781
5825,Vitoria,2359,685,2781
5826,Derrota,2359,686,2781
5827,Vitoria,2360,686,2781
5828,Empate,2360,686,2782
5829,Vitoria,2361,686,2782
5830,Derrota,2361,687,2782
5831,Vitoria,2362,687,2782
5832,Empate,2362,687,2783
5833,Vitoria,2363,687,2783
5834,Empate,2363,687,2784
5835,Derrota,2363,688,2784
5836,Empate,2363,688,2785
5837,Vitoria,2364,688,2785
5838,Empate,2364,688,2786
5839,Vitoria,2365,688,2786
5840,Empate,2365,688,2787
5841,Vitoria,2366,688,2787
5842,Empate,2366,688,2788
5843,Vitoria,2367,688,2788
5844,Empate,2367,688,2789
5845,Empate,2367,688,2790
5846,Empate,2367,688,2791
5847,Vitoria,2368,688,2791
5848,Derrota,2368,689,2791
5849,Vitoria,2369,689,2791
5850,Derrota,2369,690,2791
5851,Vitoria,2370,690,2791
5852,Empate,2370,690,2792
5853,Empate,2370,690,2793
5854,Derrota,2370,691,2793
5855,Vitoria,2371,691,2793
5856,Derrota,2371,692,2793
5857,Vitoria,2372,692,2793
5858,Empate,2372,692,2794
5859,Vitoria,2373,692,2794
5860,Empate,2373,692,2795
5861,Vitoria,2374,692,2795
5862,Empate,2374,692,2796
5863,Empate,2374,692,2797
5864,Empate,2374,692,2798
5865,Vitoria,2375,692,2798
5866,Empate,2375,692,2799
5867,Vitoria,2376,692,2799
5868,Derrota,2376,693,2799
5869,Vitoria,2377,693,2799
5870,Empate,2377,693,2800
5871,Vitoria,2378,693,2800
5872,Empate,2378,693,2801
5873,Vitoria,2379,693,2801
5874,Derrota,2379,694,2801
5875,Vitoria,2380,694,2801
5876,Empate,2380,694,2802
5877,Vitoria,2381,694,2802
5878,Empate,2381,694,2803
5879,Vitoria,2382,694,2803
5880,Empate,2382,694,2804
5881,Vitoria,2383,694,2804
5882,Empate,2383,694,2805
5883,Vitoria,2384,694,2805
5884,Empate,2384,694,2806
5885,Vitoria,2385,694,2806
5886,Empate,2385,694,2807
5887,Empate,2385,694,2808
5888,Empate,2385,694,2809
5889,Vitoria,2386,694,2809
5890,Derrota,2386,695,2809
5891,Vitoria,2387,695,2809
5892,Empate,2387,695,2810
5893,Vitoria,2388,695,2810
5894,Empate,2388,695,2811
5895,Vitoria,2389,695,2811
5896,Empate,2389,695,2812
5897,Vitoria,2390,695,2812
5898,Empate,2390,695,2813
5899,Vitoria,2391,695,2813
5900,Empate,2391,695,2814
5901,Vitoria,2392,695,2814
5902,Empate,2392,695,2815
5903,Empate,2392,695,2816
5904,Empate,2392,695,2817
5905,Vitoria,2393,695,2817
5906,Derrota,2393,696,2817
5907,Vitoria,2394,696,2817
5908,Empate,2394,696,2818
5909,Vitoria,2395,696,2818
5910,Empate,2395,696,2819
5911,Vitoria,2396,696,2819
5912,Empate,2396,696,2820
5913,Vitoria,2397,696,2820
5914,Empate,2397,696,2821
5915,Vitoria,2398,696,2821
5916,Empate,2398,696,2822
5917,Vitoria,2399,696,2822
5918,Derrota,2399,697,2822
5919,Vitoria,2400,697,2822
5920,Empate,2400,697,2823
5921,Vitoria,2401,697,2823
5922,Empate,2401,697,2824
5923,Vitoria,2402,697,2824
5924,Empate,2402,697,2825
5925,Vitoria,2403,697,2825
5926,Empate,2403,697,2826
5927,Vitoria,2404,697,2826
5928,Empate,2404,697,2827
5929,Vitoria,2405,697,2827
5930,Empate,2405,697,2828
5931,Vitoria,2406,697,2828
5932,Empate,2406,697,2829
5933,Vitoria,2407,697,2829
5934,Empate,2407,697,2830
5935,Vitoria,2408,697,2830
5936,Empate,2408,697,2831
5937,Vitoria,2409,697,2831
5938,Empate,2409,697,2832
5939,Derrota,2409,698,2832
5940,Empate,2409,698,2833
5941,Empate,2409,698,2834
5942,Empate,2409,698,2835
5943,Vitoria,2410,698,2835
5944,Empate,2410,698,2836
5945,Vitoria,2411,698,2836
5946,Empate,2411,698,2837
5947,Empate,2411,698,2838
5948,Empate,2411,698,2839
5949,Derrota,2411,699,2839
5950,Empate,2411,699,2840
5951,Vitoria,2412,699,2840
5952,Derrota,2412,700,2840
5953,Vitoria,2413,700,2840
5954,Empate,2413,700,2841
5955,Vitoria,2414,700,2841
5956,Empate,2414,700,2842
5957,Vitoria,2415,700,2842
5958,Empate,2415,700,2843
5959,Vitoria,2416,700,2843
5960,Empate,2416,700,2844
5961,Vitoria,2417,700,2844
5962,Empate,2417,700,2845
5963,Vitoria,2418,700,2845
5964,Empate,2418,700,2846
5965,Vitoria,2419,700,2846
5966,Empate,2419,700,2847
5967,Empate,2419,700,2848
5968,Empate,2419,700,2849
5969,Empate,2419,700,2850
5970,Empate,2419,700,2851
5971,Vitoria,2420,700,2851
5972,Empate,2420,700,2852
5973,Vitoria,2421,700,2852
5974,Empate,2421,700,2853
5975,Vitoria,2422,700,2853
5976,Empate,2422,700,2854
5977,Vitoria,2423,700,2854
5978,Empate,2423,700,2855
5979,Vitoria,2424,700,2855
5980,Derrota,2424,701,2855
5981,Vitoria,2425,701,2855
5982,Empate,2425,701,2856
5983,Vitoria,2426,701,2856
5984,Empate,2426,701,2857
5985,Vitoria,2427,701,2857
5986,Empate,2427,701,2858
5987,Vitoria,2428,701,2858
5988,Empate,2428,701,2859
5989,Vitoria,2429,701,2859
5990,Empate,2429,701,2860
5991,Empate,2429,701,2861
5992,Empate,2429,701,2862
5993,Vitoria,2430,701,2862
5994,Empate,2430,701,2863
5995,Vitoria,2431,701,2863
5996,Empate,2431,701,2864
5997,Vitoria,2432,701,2864
5998,Empate,2432,701,2865
5999,Vitoria,2433,701,2865
6000,Empate,2433,701,2866
6001,Derrota,2433,702,2866
6002,Empate,2433,702,2867
6003,Vitoria,2434,702,2867
6004,Empate,2434,702,2868
6005,Vitoria,2435,702,2868
6006,Empate,2435,702,2869
6007,Vitoria,2436,702,2869
6008,Empate,2436,702,2870
6009,Empate,2436,702,2871
6010,Empate,2436,702,2872
6011,Vitoria,2437,702,2872
6012,Empate,2437,702,2873
6013,Vitoria,2438,702,2873
6014,Empate,2438,702,2874
6015,Vitoria,2439,702,2874
6016,Empate,2439,702,2875
6017,Empate,2439,702,2876
6018,Empate,2439,702,2877
6019,Vitoria,2440,702,2877
6020,Empate,2440,702,2878
6021,Vitoria,2441,702,2878
6022,Derrota,2441,703,2878
6023,Vitoria,2442,703,2878
6024,Empate,2442,703,2879
6025,Derrota,2442,704,2879
6026,Derrota,2442,705,2879
6027,Vitoria,2443,705,2879
6028,Empate,2443,705,2880
6029,Empate,2443,705,2881
6030,Empate,2443,705,2882
6031,Vitoria,2444,705,2882
6032,Empate,2444,705,2883
6033,Vitoria,2445,705,2883
6034,Empate,2445,705,2884
6035,Vitoria,2446,705,2884
6036,Derrota,2446,706,2884
6037,Vitoria,2447,706,2884
6038,Empate,2447,706,2885
6039,Vitoria,2448,706,2885
6040,Empate,2448,706,2886
6041,Empate,2448,706,2887
6042,Derrota,2448,707,2887
6043,Vitoria,2449,707,2887
6044,Empate,2449,707,2888
6045,Vitoria,2450,707,2888
6046,Empate,2450,707,2889
6047,Vitoria,2451,707,2889
6048,Empate,2451,707,2890
6049,Vitoria,2452,707,2890
6050,Empate,2452,707,2891
6051,Vitoria,2453,707,2891
6052,Empate,2453,707,2892
6053,Vitoria,2454,707,2892
6054,Empate,2454,707,2893
6055,Vitoria,2455,707,2893
6056,Empate,2455,707,2894
6057,Vitoria,2456,707,2894
6058,Empate,2456,707,2895
6059,Vitoria,2457,707,2895
6060,Empate,2457,707,2896
6061,Vitoria,2458,707,2896
6062,Empate,2458,707,2897
6063,Vitoria,2459,707,2897
6064,Empate,2459,707,2898
6065,Vitoria,2460,707,2898
6066,Empate,2460,707,2899
6067,Vitoria,2461,707,2899
6068,Empate,2461,707,2900
6069,Vitoria,2462,707,2900
6070,Empate,2462,707,2901
6071,Vitoria,2463,707,2901
6072,Derrota,2463,708,2901
6073,Vitoria,2464,708,2901
6074,Empate,2464,708,2902
6075,Vitoria,2465,708,2902
6076,Empate,2465,708,2903
6077,Vitoria,2466,708,2903
6078,Empate,2466,708,2904
6079,Vitoria,2467,708,2904
6080,Empate,2467,708,2905
6081,Vitoria,2468,708,2905
6082,Empate,2468,708,2906
6083,Vitoria,2469,708,2906
6084,Empate,2469,708,2907
6085,Vitoria,2470,708,2907
6086,Empate,2470,708,2908
6087,Vitoria,2471,708,2908
6088,Empate,2471,708,2909
6089,Vitoria,2472,708,2909
6090,Empate,2472,708,2910
6091,Empate,2472,708,2911
6092,Empate,2472,708,2912
6093,Vitoria,2473,708,2912
6094,Empate,2473,708,2913
6095,Vitoria,2474,708,2913
6096,Empate,2474,708,2914
6097,Vitoria,2475,708,2914
6098,Empate,2475,708,2915
6099,Vitoria,2476,708,2915
6100,Empate,2476,708,2916
6101,Vitoria,2477,708,2916
6102,Empate,2477,708,2917
6103,Empate,2477,708,2918
6104,Empate,2477,708,2919
6105,Vitoria,2478,708,2919
6106,Empate,2478,708,2920
6107,Vitoria,2479,708,2920
6108,Empate,2479,708,2921
6109,Derrota,2479,709,2921
6110,Empate,2479,709,2922
6111,Vitoria,2480,709,2922
6112,Empate,2480,709,2923
6113,Vitoria,2481,709,2923
6114,Empate,2481,709,2924
6115,Empate,2481,709,2925
6116,Empate,2481,709,2926
6117,Vitoria,2482,709,2926
6118,Empate,2482,709,2927
6119,Vitoria,2483,709,2927
6120,Empate,2483,709,2928
6121,Vitoria,2484,709,2928
6122,Empate,2484,709,2929
6123,Empate,2484,709,2930
6124,Empate,2484,709,2931
6125,Vitoria,2485,709,2931
6126,Empate,2485,709,2932
6127,Empate,2485,709,2933
6128,Empate,2485,709,2934
6129,Vitoria,2486,709,2934
6130,Empate,2486,709,2935
6131,Vitoria,2487,709,2935
6132,Empate,2487,709,2936
6133,Vitoria,2488,709,2936
6134,Empate,2488,709,2937
6135,Vitoria,2489,709,2937
6136,Empate,2489,709,2938
6137,Vitoria,2490,709,2938
6138,Empate,2490,709,2939
6139,Vitoria,2491,709,2939
6140,Empate,2491,709,2940
6141,Vitoria,2492,709,2940
6142,Empate,2492,709,2941
6143,Derrota,2492,710,2941
6144,Empate,2492,710,2942
6145,Vitoria,2493,710,2942
6146,Empate,2493,710,2943
6147,Vitoria,2494,710,2943
6148,Empate,2494,710,2944
6149,Vitoria,2495,710,2944
6150,Empate,2495,710,2945
6151,Vitoria,2496,710,2945
6152,Empate,2496,710,2946
6153,Empate,2496,710,2947
6154,Empate,2496,710,2948
6155,Vitoria,2497,710,2948
6156,Empate,2497,710,2949
6157,Vitoria,2498,710,2949
6158,Derrota,2498,711,2949
6159,Empate,2498,711,2950
6160,Empate,2498,711,2951
6161,Vitoria,2499,711,2951
6162,Empate,2499,711,2952
6163,Vitoria,2500,711,2952
6164,Empate,2500,711,2953
6165,Vitoria,2501,711,2953
6166,Empate,2501,711,2954
6167,Vitoria,2502,711,2954
6168,Empate,2502,711,2955
6169,Vitoria,2503,711,2955
6170,Empate,2503,711,2956
6171,Vitoria,2504,711,2956
6172,Empate,2504,711,2957
6173,Vitoria,2505,711,2957
6174,Empate,2505,711,2958
6175,Vitoria,2506,711,2958
6176,Empate,2506,711,2959
6177,Vitoria,2507,711,2959
6178,Empate,2507,711,2960
6179,Vitoria,2508,711,2960
6180,Empate,2508,711,2961
6181,Vitoria,2509,711,2961
6182,Empate,2509,711,2962
6183,Vitoria,2510,711,2962
6184,Empate,2510,711,2963
6185,Vitoria,2511,711,2963
6186,Empate,2511,711,2964
6187,Vitoria,2512,711,2964
6188,Empate,2512,711,2965
6189,Vitoria,2513,711,2965
6190,Empate,2513,711,2966
6191,Empate,2513,711,2967
6192,Empate,2513,711,2968
6193,Vitoria,2514,711,2968
6194,Empate,2514,711,2969
6195,Vitoria,2515,711,2969
6196,Empate,2515,711,2970
6197,Vitoria,2516,711,2970
6198,Derrota,2516,712,2970
6199,Vitoria,2517,712,2970
6200,Empate,2517,712,2971
6201,Vitoria,2518,712,2971
6202,Empate,2518,712,2972
6203,Vitoria,2519,712,2972
6204,Empate,2519,712,2973
6205,Vitoria,2520,712,2973
6206,Empate,2520,712,2974
6207,Vitoria,2521,712,2974
6208,Empate,2521,712,2975
6209,Vitoria,2522,712,2975
6210,Empate,2522,712,2976
6211,Vitoria,2523,712,2976
6212,Empate,2523,712,2977
6213,Vitoria,2524,712,2977
6214,Empate,2524,712,2978
6215,Vitoria,2525,712,2978
6216,Empate,2525,712,2979
6217,Vitoria,2526,712,2979
6218,Empate,2526,712,2980
6219,Vitoria,2527,712,2980
6220,Empate,2527,712,2981
6221,Vitoria,2528,712,2981
6222,Empate,2528,712,2982
6223,Vitoria,2529,712,2982
6224,Empate,2529,712,2983
6225,Vitoria,2530,712,2983
6226,Empate,2530,712,2984
6227,Derrota,2530,713,2984
6228,Empate,2530,713,2985
6229,Vitoria,2531,713,2985
6230,Empate,2531,713,2986
6231,Vitoria,2532,713,2986
6232,Empate,2532,713,2987
6233,Vitoria,2533,713,2987
6234,Derrota,2533,714,2987
6235,Vitoria,2534,714,2987
6236,Empate,2534,714,2988
6237,Vitoria,2535,714,2988
6238,Empate,2535,714,2989
6239,Vitoria,2536,714,2989
6240,Empate,2536,714,2990
6241,Vitoria,2537,714,2990
6242,Empate,2537,714,2991
6243,Derrota,2537,715,2991
6244,Empate,2537,715,2992
6245,Derrota,2537,716,2992
6246,Empate,2537,716,2993
6247,Vitoria,2538,716,2993
6248,Empate,2538,716,2994
6249,Derrota,2538,717,2994
6250,Empate,2538,717,2995
6251,Vitoria,2539,717,2995
6252,Derrota,2539,718,2995
6253,Derrota,2539,719,2995
6254,Empate,2539,719,2996
6255,Vitoria,2540,719,2996
6256,Empate,2540,719,2997
6257,Vitoria,2541,719,2997
6258,Empate,2541,719,2998
6259,Vitoria,2542,719,2998
6260,Empate,2542,719,2999
6261,Vitoria,2543,719,2999
6262,Empate,2543,719,3000
6263,Vitoria,2544,719,3000
6264,Empate,2544,719,3001
6265,Vitoria,2545,719,3001
6266,Empate,2545,719,3002
6267,Vitoria,2546,719,3002
6268,Empate,2546,719,3003
6269,Vitoria,2547,719,3003
6270,Empate,2547,719,3004
6271,Vitoria,2548,719,3004
6272,Empate,2548,719,3005
6273,Vitoria,2549,719,3005
6274,Empate,2549,719,3006
6275,Vitoria,2550,719,3006
6276,Empate,2550,719,3007
6277,Derrota,2550,720,3007
6278,Empate,2550,720,3008
6279,Vitoria,2551,720,3008
6280,Empate,2551,720,3009
6281,Vitoria,2552,720,3009
6282,Empate,2552,720,3010
6283,Vitoria,2553,720,3010
6284,Empate,2553,720,3011
6285,Vitoria,2554,720,3011
6286,Empate,2554,720,3012
6287,Vitoria,2555,720,3012
6288,Empate,2555,720,3013
6289,Vitoria,2556,720,3013
6290,Empate,2556,720,3014
6291,Vitoria,2557,720,3014
6292,Empate,2557,720,3015
6293,Vitoria,2558,720,3015
6294,Empate,2558,720,3016
6295,Vitoria,2559,720,3016
6296,Empate,2559,720,3017
6297,Vitoria,2560,720,3017
6298,Empate,2560,720,3018
6299,Vitoria,2561,720,3018
6300,Empate,2561,720,3019
6301,Vitoria,2562,720,3019
6302,Empate,2562,720,3020
6303,Vitoria,2563,720,3020
6304,Empate,2563,720,3021
6305,Vitoria,2564,720,3021
6306,Empate,2564,720,3022
6307,Vitoria,2565,720,3022
6308,Empate,2565,720,3023
6309,Vitoria,2566,720,3023
6310,Empate,2566,720,3024
6311,Vitoria,2567,720,3024
6312,Empate,2567,720,3025
6313,Vitoria,2568,720,3025
6314,Empate,2568,720,3026
6315,Vitoria,2569,720,3026
6316,Empate,2569,720,3027
6317,Vitoria,2570,720,3027
6318,Empate,2570,720,3028
6319,Vitoria,2571,720,3028
6320,Empate,2571,720,3029
6321,Vitoria,2572,720,3029
6322,Derrota,2572,721,3029
6323,Vitoria,2573,721,3029
6324,Empate,2573,721,3030
6325,Vitoria,2574,721,3030
6326,Empate,2574,721,3031
6327,Vitoria,2575,721,3031
6328,Empate,2575,721,3032
6329,Vitoria,2576,721,3032
6330,Empate,2576,721,3033
6331,Vitoria,2577,721,3033
6332,Empate,2577,721,3034
6333,Vitoria,2578,721,3034
6334,Empate,2578,721,3035
6335,Vitoria,2579,721,3035
6336,Empate,2579,721,3036
6337,Vitoria,2580,721,3036
6338,Empate,2580,721,3037
6339,Vitoria,2581,721,3037
6340,Empate,2581,721,3038
6341,Vitoria,2582,721,3038
6342,Empate,2582,721,3039
6343,Vitoria,2583,721,3039
6344,Empate,2583,721,3040
6345,Vitoria,2584,721,3040
6346,Empate,2584,721,3041
6347,Vitoria,2585,721,3041
6348,Empate,2585,721,3042
6349,Vitoria,2586,721,3042
6350,Empate,2586,721,3043
6351,Vitoria,2587,721,3043
6352,Empate,2587,721,3044
6353,Vitoria,2588,721,3044
6354,Empate,2588,721,3045
6355,Empate,2588,721,3046
6356,Empate,2588,721,3047
6357,Empate,2588,721,3048
6358,Empate,2588,721,3049
6359,Vitoria,2589,721,3049
6360,Empate,2589,721,3050
6361,Vitoria,2590,721,3050
6362,Empate,2590,721,3051
6363,Vitoria,2591,721,3051
6364,Derrota,2591,722,3051
6365,Vitoria,2592,722,3051
6366,Empate,2592,722,3052
6367,Vitoria,2593,722,3052
6368,Empate,2593,722,3053
6369,Vitoria,2594,722,3053
6370,Empate,2594,722,3054
6371,Vitoria,2595,722,3054
6372,Empate,2595,722,3055
6373,Vitoria,2596,722,3055
6374,Empate,2596,722,3056
6375,Vitoria,2597,722,3056
6376,Empate,2597,722,3057
6377,Vitoria,2598,722,3057
6378,Empate,2598,722,3058
6379,Empate,2598,722,3059
6380,Derrota,2598,723,3059
6381,Vitoria,2599,723,3059
6382,Derrota,2599,724,3059
6383,Vitoria,2600,724,3059
6384,Empate,2600,724,3060
6385,Vitoria,2601,724,3060
6386,Empate,2601,724,3061
6387,Vitoria,2602,724,3061
6388,Empate,2602,724,3062
6389,Vitoria,2603,724,3062
6390,Empate,2603,724,3063
6391,Vitoria,2604,724,3063
6392,Empate,2604,724,3064
6393,Vitoria,2605,724,3064
6394,Derrota,2605,725,3064
6395,Empate,2605,725,3065
6396,Empate,2605,725,3066
6397,Vitoria,2606,725,3066
6398,Empate,2606,725,3067
6399,Vitoria,2607,725,3067
6400,Empate,2607,725,3068
6401,Vitoria,2608,725,3068
6402,Empate,2608,725,3069
6403,Vitoria,2609,725,3069
6404,Empate,2609,725,3070
6405,Vitoria,2610,725,3070
6406,Empate,2610,725,3071
6407,Vitoria,2611,725,3071
6408,Empate,2611,725,3072
6409,Vitoria,2612,725,3072
6410,Empate,2612,725,3073
6411,Vitoria,2613,725,3073
6412,Empate,2613,725,3074
6413,Vitoria,2614,725,3074
6414,Empate,2614,725,3075
6415,Vitoria,2615,725,3075
6416,Empate,2615,725,3076
6417,Vitoria,2616,725,3076
6418,Empate,2616,725,3077
6419,Empate,2616,725,3078
6420,Empate,2616,725,3079
6421,Vitoria,2617,725,3079
6422,Empate,2617,725,3080
6423,Empate,2617,725,3081
6424,Empate,2617,725,3082
6425,Vitoria,2618,725,3082
6426,Empate,2618,725,3083
6427,Vitoria,2619,725,3083
6428,Empate,2619,725,3084
6429,Vitoria,2620,725,3084
6430,Empate,2620,725,3085
6431,Vitoria,2621,725,3085
6432,Derrota,2621,726,3085
6433,Derrota,2621,727,3085
6434,Empate,2621,727,3086
6435,Vitoria,2622,727,3086
6436,Empate,2622,727,3087
6437,Vitoria,2623,727,3087
6438,Derrota,2623,728,3087
6439,Vitoria,2624,728,3087
6440,Empate,2624,728,3088
6441,Vitoria,2625,728,3088
6442,Empate,2625,728,3089
6443,Vitoria,2626,728,3089
6444,Empate,2626,728,3090
6445,Vitoria,2627,728,3090
6446,Empate,2627,728,3091
6447,Derrota,2627,729,3091
6448,Empate,2627,729,3092
6449,Empate,2627,729,3093
6450,Empate,2627,729,3094
6451,Vitoria,2628,729,3094
6452,Empate,2628,729,3095
6453,Vitoria,2629,729,3095
6454,Empate,2629,729,3096
6455,Vitoria,2630,729,3096
6456,Derrota,2630,730,3096
6457,Vitoria,2631,730,3096
6458,Empate,2631,730,3097
6459,Vitoria,2632,730,3097
6460,Empate,2632,730,3098
6461,Vitoria,2633,730,3098
6462,Empate,2633,730,3099
6463,Vitoria,2634,730,3099
6464,Empate,2634,730,3100
6465,Vitoria,2635,730,3100
6466,Empate,2635,730,3101
6467,Vitoria,2636,730,3101
6468,Empate,2636,730,3102
6469,Vitoria,2637,730,3102
6470,Empate,2637,730,3103
6471,Vitoria,2638,730,3103
6472,Empate,2638,730,3104
6473,Vitoria,2639,730,3104
6474,Derrota,2639,731,3104
6475,Vitoria,2640,731,3104
6476,Empate,2640,731,3105
6477,Empate,2640,731,3106
6478,Empate,2640,731,3107
6479,Vitoria,2641,731,3107
6480,Empate,2641,731,3108
6481,Vitoria,2642,731,3108
6482,Empate,2642,731,3109
6483,Vitoria,2643,731,3109
6484,Empate,2643,731,3110
6485,Vitoria,2644,731,3110
6486,Empate,2644,731,3111
6487,Vitoria,2645,731,3111
6488,Empate,2645,731,3112
6489,Vitoria,2646,731,3112
6490,Empate,2646,731,3113
6491,Vitoria,2647,731,3113
6492,Empate,2647,731,3114
6493,Vitoria,2648,731,3114
6494,Empate,2648,731,3115
6495,Vitoria,2649,731,3115
6496,Empate,2649,731,3116
6497,Vitoria,2650,731,3116
6498,Empate,2650,731,3117
6499,Vitoria,2651,731,3117
6500,Empate,2651,731,3118
6501,Derrota,2651,732,3118
6502,Empate,2651,732,3119
6503,Vitoria,2652,732,3119
6504,Empate,2652,732,3120
6505,Vitoria,2653,732,3120
6506,Empate,2653,732,3121
6507,Vitoria,2654,732,3121
6508,Empate,2654,732,3122
6509,Vitoria,2655,732,3122
6510,Empate,2655,732,3123
6511,Vitoria,2656,732,3123
6512,Empate,2656,732,3124
6513,Vitoria,2657,732,3124
6514,Empate,2657,732,3125
6515,Vitoria,2658,732,3125
6516,Empate,2658,732,3126
6517,Vitoria,2659,732,3126
6518,Empate,2659,732,3127
6519,Vitoria,2660,732,3127
6520,Empate,2660,732,3128
6521,Derrota,2660,733,3128
6522,Empate,2660,733,3129
6523,Vitoria,2661,733,3129
6524,Empate,2661,733,3130
6525,Vitoria,2662,733,3130
6526,Empate,2662,733,3131
6527,Empate,2662,733,3132
6528,Empate,2662,733,3133
6529,Vitoria,2663,733,3133
6530,Empate,2663,733,3134
6531,Vitoria,2664,733,3134
6532,Derrota,2664,734,3134
6533,Vitoria,2665,734,3134
6534,Empate,2665,734,3135
6535,Vitoria,2666,734,3135
6536,Empate,2666,734,3136
6537,Vitoria,2667,734,3136
6538,Empate,2667,734,3137
6539,Vitoria,2668,734,3137
6540,Empate,2668,734,3138
6541,Vitoria,2669,734,3138
6542,Empate,2669,734,3139
6543,Vitoria,2670,734,3139
6544,Empate,2670,734,3140
6545,Vitoria,2671,734,3140
6546,Empate,2671,734,3141
6547,Vitoria,2672,734,3141
6548,Empate,2672,734,3142
6549,Vitoria,2673,734,3142
6550,Empate,2673,734,3143
6551,Empate,2673,734,3144
6552,Derrota,2673,735,3144
6553,Vitoria,2674,735,3144
6554,Empate,2674,735,3145
6555,Empate,2674,735,3146
6556,Empate,2674,735,3147
6557,Vitoria,2675,735,3147
6558,Empate,2675,735,3148
6559,Vitoria,2676,735,3148
6560,Empate,2676,735,3149
6561,Vitoria,2677,735,3149
6562,Empate,2677,735,3150
6563,Vitoria,2678,735,3150
6564,Empate,2678,735,3151
6565,Vitoria,2679,735,3151
6566,Empate,2679,735,3152
6567,Vitoria,2680,735,3152
6568,Empate,2680,735,3153
6569,Vitoria,2681,735,3153
6570,Empate,2681,735,3154
6571,Vitoria,2682,735,3154
6572,Empate,2682,735,3155
6573,Vitoria,2683,735,3155
6574,Empate,2683,735,3156
6575,Vitoria,2684,735,3156
6576,Empate,2684,735,3157
6577,Vitoria,2685,735,3157
6578,Empate,2685,735,3158
6579,Vitoria,2686,735,3158
6580,Empate,2686,735,3159
6581,Vitoria,2687,735,3159
6582,Derrota,2687,736,3159
6583,Derrota,2687,737,3159
6584,Empate,2687,737,3160
6585,Vitoria,2688,737,3160
6586,Empate,2688,737,3161
6587,Vitoria,2689,737,3161
6588,Derrota,2689,738,3161
6589,Vitoria,2690,738,3161
6590,Empate,2690,738,3162
6591,Vitoria,2691,738,3162
6592,Empate,2691,738,3163
6593,Vitoria,2692,738,3163
6594,Empate,2692,738,3164
6595,Vitoria,2693,738,3164
6596,Empate,2693,738,3165
6597,Vitoria,2694,738,3165
6598,Empate,2694,738,3166
6599,Vitoria,2695,738,3166
6600,Empate,2695,738,3167
6601,Vitoria,2696,738,3167
6602,Empate,2696,738,3168
6603,Vitoria,2697,738,3168
6604,Empate,2697,738,3169
6605,Vitoria,2698,738,3169
6606,Empate,2698,738,3170
6607,Vitoria,2699,738,3170
6608,Empate,2699,738,3171
6609,Vitoria,2700,738,3171
6610,Empate,2700,738,3172
6611,Vitoria,2701,738,3172
6612,Empate,2701,738,3173
6613,Vitoria,2702,738,3173
6614,Empate,2702,738,3174
6615,Vitoria,2703,738,3174
6616,Empate,2703,738,3175
6617,Vitoria,2704,738,3175
6618,Empate,2704,738,3176
6619,Vitoria,2705,738,3176
6620,Empate,2705,738,3177
6621,Vitoria,2706,738,3177
6622,Empate,2706,738,3178
6623,Vitoria,2707,738,3178
6624,Empate,2707,738,3179
6625,Vitoria,2708,738,3179
6626,Empate,2708,738,3180
6627,Vitoria,2709,738,3180
6628,Empate,2709,738,3181
6629,Vitoria,2710,738,3181
6630,Derrota,2710,739,3181
6631,Derrota,2710,740,3181
6632,Empate,2710,740,3182
6633,Vitoria,2711,740,3182
6634,Empate,2711,740,3183
6635,Vitoria,2712,740,3183
6636,Empate,2712,740,3184
6637,Vitoria,2713,740,3184
6638,Empate,2713,740,3185
6639,Vitoria,2714,740,3185
6640,Empate,2714,740,3186
6641,Vitoria,2715,740,3186
6642,Derrota,2715,741,3186
6643,Vitoria,2716,741,3186
6644,Empate,2716,741,3187
6645,Vitoria,2717,741,3187
6646,Empate,2717,741,3188
6647,Vitoria,2718,741,3188
6648,Empate,2718,741,3189
6649,Vitoria,2719,741,3189
6650,Empate,2719,741,3190
6651,Vitoria,2720,741,3190
6652,Empate,2720,741,3191
6653,Vitoria,2721,741,3191
6654,Empate,2721,741,3192
6655,Vitoria,2722,741,3192
6656,Empate,2722,741,3193
6657,Vitoria,2723,741,3193
6658,Empate,2723,741,3194
6659,Vitoria,2724,741,3194
6660,Empate,2724,741,3195
6661,Vitoria,2725,741,3195
6662,Empate,2725,741,3196
6663,Vitoria,2726,741,3196
6664,Empate,2726,741,3197
6665,Vitoria,2727,741,3197
6666,Empate,2727,741,3198
6667,Vitoria,2728,741,3198
6668,Empate,2728,741,3199
6669,Vitoria,2729,741,3199
6670,Empate,2729,741,3200
6671,Vitoria,2730,741,3200
6672,Empate,2730,741,3201
6673,Vitoria,2731,741,3201
6674,Empate,2731,741,3202
6675,Vitoria,2732,741,3202
6676,Empate,2732,741,3203
6677,Vitoria,2733,741,3203
6678,Empate,2733,741,3204
6679,Vitoria,2734,741,3204
6680,Empate,2734,741,3205
6681,Empate,2734,741,3206
6682,Empate,2734,741,3207
6683,Derrota,2734,742,3207
6684,Derrota,2734,743,3207
6685,Derrota,2734,744,3207
6686,Empate,2734,744,3208
6687,Vitoria,2735,744,3208
6688,Empate,2735,744,3209
6689,Vitoria,2736,744,3209
6690,Derrota,2736,745,3209
6691,Vitoria,2737,745,3209
6692,Empate,2737,745,3210
6693,Vitoria,2738,745,3210
6694,Empate,2738,745,3211
6695,Vitoria,2739,745,3211
6696,Empate,2739,745,3212
6697,Derrota,2739,746,3212
6698,Empate,2739,746,3213
6699,Derrota,2739,747,3213
6700,Empate,2739,747,3214
6701,Vitoria,2740,747,3214
6702,Empate,2740,747,3215
6703,Empate,2740,747,3216
6704,Empate,2740,747,3217
6705,Vitoria,2741,747,3217
6706,Empate,2741,747,3218
6707,Vitoria,2742,747,3218
6708,Empate,2742,747,3219
6709,Vitoria,2743,747,3219
6710,Empate,2743,747,3220
6711,Vitoria,2744,747,3220
6712,Empate,2744,747,3221
6713,Vitoria,2745,747,3221
6714,Empate,2745,747,3222
6715,Vitoria,2746,747,3222
6716,Empate,2746,747,3223
6717,Vitoria,2747,747,3223
6718,Empate,2747,747,3224
6719,Vitoria,2748,747,3224
6720,Empate,2748,747,3225
6721,Vitoria,2749,747,3225
6722,Empate,2749,747,3226
6723,Vitoria,2750,747,3226
6724,Empate,2750,747,3227
6725,Derrota,2750,748,3227
6726,Empate,2750,748,3228
6727,Vitoria,2751,748,3228
6728,Derrota,2751,749,3228
6729,Empate,2751,749,3229
6730,Empate,2751,749,3230
6731,Vitoria,2752,749,3230
6732,Empate,2752,749,3231
6733,Vitoria,2753,749,3231
6734,Empate,2753,749,3232
6735,Vitoria,2754,749,3232
6736,Empate,2754,749,3233
6737,Vitoria,2755,749,3233
6738,Empate,2755,749,3234
6739,Vitoria,2756,749,3234
6740,Empate,2756,749,3235
6741,Vitoria,2757,749,3235
6742,Empate,2757,749,3236
6743,Vitoria,2758,749,3236
6744,Empate,2758,749,3237
6745,Vitoria,2759,749,3237
6746,Empate,2759,749,3238
6747,Vitoria,2760,749,3238
6748,Empate,2760,749,3239
6749,Vitoria,2761,749,3239
6750,Empate,2761,749,3240
6751,Vitoria,2762,749,3240
6752,Empate,2762,749,3241
6753,Vitoria,2763,749,3241
6754,Derrota,2763,750,3241
6755,Vitoria,2764,750,3241
6756,Empate,2764,750,3242
6757,Vitoria,2765,750,3242
6758,Empate,2765,750,3243
6759,Vitoria,2766,750,3243
6760,Empate,2766,750,3244
6761,Empate,2766,750,3245
6762,Empate,2766,750,3246
6763,Vitoria,2767,750,3246
6764,Derrota,2767,751,3246
6765,Vitoria,2768,751,3246
6766,Empate,2768,751,3247
6767,Vitoria,2769,751,3247
6768,Empate,2769,751,3248
6769,Vitoria,2770,751,3248
6770,Empate,2770,751,3249
6771,Vitoria,2771,751,3249
6772,Empate,2771,751,3250
6773,Empate,2771,751,3251
6774,Empate,2771,751,3252
6775,Vitoria,2772,751,3252
6776,Empate,2772,751,3253
6777,Vitoria,2773,751,3253
6778,Empate,2773,751,3254
6779,Vitoria,2774,751,3254
6780,Empate,2774,751,3255
6781,Empate,2774,751,3256
6782,Empate,2774,751,3257
6783,Vitoria,2775,751,3257
6784,Empate,2775,751,3258
6785,Vitoria,2776,751,3258
6786,Empate,2776,751,3259
6787,Vitoria,2777,751,3259
6788,Empate,2777,751,3260
6789,Vitoria,2778,751,3260
6790,Empate,2778,751,3261
6791,Vitoria,2779,751,3261
6792,Empate,2779,751,3262
6793,Vitoria,2780,751,3262
6794,Empate,2780,751,3263
6795,Derrota,2780,752,3263
6796,Empate,2780,752,3264
6797,Vitoria,2781,752,3264
6798,Empate,2781,752,3265
6799,Vitoria,2782,752,3265
6800,Empate,2782,752,3266
6801,Vitoria,2783,752,3266
6802,Empate,2783,752,3267
6803,Vitoria,2784,752,3267
6804,Empate,2784,752,3268
6805,Vitoria,2785,752,3268
6806,Empate,2785,752,3269
6807,Empate,2785,752,3270
6808,Empate,2785,752,3271
6809,Empate,2785,752,3272
6810,Empate,2785,752,3273
6811,Vitoria,2786,752,3273
6812,Empate,2786,752,3274
6813,Vitoria,2787,752,3274
6814,Empate,2787,752,3275
6815,Vitoria,2788,752,3275
6816,Empate,2788,752,3276
6817,Vitoria,2789,752,3276
6818,Empate,2789,752,3277
6819,Vitoria,2790,752,3277
6820,Empate,2790,752,3278
6821,Vitoria,2791,752,3278
6822,Empate,2791,752,3279
6823,Vitoria,2792,752,3279
6824,Empate,2792,752,3280
6825,Vitoria,2793,752,3280
6826,Empate,2793,752,3281
6827,Vitoria,2794,752,3281
6828,Empate,2794,752,3282
6829,Vitoria,2795,752,3282
6830,Empate,2795,752,3283
6831,Vitoria,2796,752,3283
6832,Empate,2796,752,3284
6833,Vitoria,2797,752,3284
6834,Empate,2797,752,3285
6835,Vitoria,2798,752,3285
6836,Empate,2798,752,3286
6837,Vitoria,2799,752,3286
6838,Empate,2799,752,3287
6839,Vitoria,2800,752,3287
6840,Empate,2800,752,3288
6841,Vitoria,2801,752,3288
6842,Empate,2801,752,3289
6843,Vitoria,2802,752,3289
6844,Empate,2802,752,3290
6845,Vitoria,2803,752,3290
6846,Empate,2803,752,3291
6847,Vitoria,2804,752,3291
6848,Empate,2804,752,3292
6849,Vitoria,2805,752,3292
6850,Empate,2805,752,3293
6851,Derrota,2805,753,3293
6852,Empate,2805,753,3294
6853,Vitoria,2806,753,3294
6854,Empate,2806,753,3295
6855,Vitoria,2807,753,3295
6856,Empate,2807,753,3296
6857,Vitoria,2808,753,3296
6858,Empate,2808,753,3297
6859,Vitoria,2809,753,3297
6860,Empate,2809,753,3298
6861,Vitoria,2810,753,3298
6862,Empate,2810,753,3299
6863,Vitoria,2811,753,3299
6864,Empate,2811,753,3300
6865,Vitoria,2812,753,3300
6866,Empate,2812,753,3301
6867,Vitoria,2813,753,3301
6868,Empate,2813,753,3302
6869,Vitoria,2814,753,3302
6870,Empate,2814,753,3303
6871,Vitoria,2815,753,3303
6872,Empate,2815,753,3304
6873,Vitoria,2816,753,3304
6874,Empate,2816,753,3305
6875,Vitoria,2817,753,3305
6876,Empate,2817,753,3306
6877,Vitoria,2818,753,3306
6878,Empate,2818,753,3307
6879,Vitoria,2819,753,3307
6880,Empate,2819,753,3308
6881,Vitoria,2820,753,3308
6882,Empate,2820,753,3309
6883,Vitoria,2821,753,3309
6884,Empate,2821,753,3310
6885,Vitoria,2822,753,3310
6886,Derrota,2822,754,3310
6887,Vitoria,2823,754,3310
6888,Empate,2823,754,3311
6889,Vitoria,2824,754,3311
6890,Empate,2824,754,3312
6891,Vitoria,2825,754,3312
6892,Empate,2825,754,3313
6893,Vitoria,2826,754,3313
6894,Empate,2826,754,3314
6895,Vitoria,2827,754,3314
6896,Empate,2827,754,3315
6897,Vitoria,2828,754,3315
6898,Empate,2828,754,3316
6899,Vitoria,2829,754,3316
6900,Empate,2829,754,3317
6901,Vitoria,2830,754,3317
6902,Empate,2830,754,3318
6903,Vitoria,2831,754,3318
6904,Empate,2831,754,3319
6905,Vitoria,2832,754,3319
6906,Derrota,2832,755,3319
6907,Vitoria,2833,755,3319
6908,Empate,2833,755,3320
6909,Vitoria,2834,755,3320
6910,Derrota,2834,756,3320
6911,Vitoria,2835,756,3320
6912,Empate,2835,756,3321
6913,Vitoria,2836,756,3321
6914,Empate,2836,756,3322
6915,Empate,2836,756,3323
6916,Empate,2836,756,3324
6917,Vitoria,2837,756,3324
6918,Derrota,2837,757,3324
6919,Vitoria,2838,757,3324
6920,Empate,2838,757,3325
6921,Derrota,2838,758,3325
6922,Empate,2838,758,3326
6923,Vitoria,2839,758,3326
6924,Empate,2839,758,3327
6925,Empate,2839,758,3328
6926,Empate,2839,758,3329
6927,Vitoria,2840,758,3329
6928,Empate,2840,758,3330
6929,Vitoria,2841,758,3330
6930,Empate,2841,758,3331
6931,Vitoria,2842,758,3331
6932,Empate,2842,758,3332
6933,Vitoria,2843,758,3332
6934,Empate,2843,758,3333
6935,Vitoria,2844,758,3333
6936,Empate,2844,758,3334
6937,Vitoria,2845,758,3334
6938,Empate,2845,758,3335
6939,Vitoria,2846,758,3335
6940,Empate,2846,758,3336
6941,Vitoria,2847,758,3336
6942,Empate,2847,758,3337
6943,Vitoria,2848,758,3337
6944,Empate,2848,758,3338
6945,Vitoria,2849,758,3338
6946,Empate,2849,758,3339
6947,Vitoria,2850,758,3339
6948,Empate,2850,758,3340
6949,Empate,2850,758,3341
6950,Empate,2850,758,3342
6951,Vitoria,2851,758,3342
6952,Empate,2851,758,3343
6953,Vitoria,2852,758,3343
6954,Empate,2852,758,3344
6955,Vitoria,2853,758,3344
6956,Empate,2853,758,3345
6957,Vitoria,2854,758,3345
6958,Empate,2854,758,3346
6959,Vitoria,2855,758,3346
6960,Empate,2855,758,3347
6961,Vitoria,2856,758,3347
6962,Empate,2856,758,3348
6963,Vitoria,2857,758,3348
6964,Empate,2857,758,3349
6965,Vitoria,2858,758,3349
6966,Empate,2858,758,3350
6967,Vitoria,2859,758,3350
6968,Empate,2859,758,3351
6969,Vitoria,2860,758,3351
6970,Empate,2860,758,3352
6971,Vitoria,2861,758,3352
6972,Empate,2861,758,3353
6973,Vitoria,2862,758,3353
6974,Empate,2862,758,3354
6975,Vitoria,2863,758,3354
6976,Empate,2863,758,3355
6977,Vitoria,2864,758,3355
6978,Empate,2864,758,3356
6979,Vitoria,2865,758,3356
6980,Empate,2865,758,3357
6981,Vitoria,2866,758,3357
6982,Derrota,2866,759,3357
6983,Empate,2866,759,3358
6984,Empate,2866,759,3359
6985,Vitoria,2867,759,3359
6986,Empate,2867,759,3360
6987,Vitoria,2868,759,3360
6988,Empate,2868,759,3361
6989,Vitoria,2869,759,3361
6990,Empate,2869,759,3362
6991,Vitoria,2870,759,3362
6992,Empate,2870,759,3363
6993,Vitoria,2871,759,3363
6994,Empate,2871,759,3364
6995,Vitoria,2872,759,3364
6996,Empate,2872,759,3365
6997,Vitoria,2873,759,3365
6998,Empate,2873,759,3366
6999,Vitoria,2874,759,3366
7000,Empate,2874,759,3367
7001,Vitoria,2875,759,3367
7002,Empate,2875,759,3368
7003,Vitoria,2876,759,3368
7004,Empate,2876,759,3369
7005,Vitoria,2877,759,3369
7006,Empate,2877,759,3370
7007,Vitoria,2878,759,3370
7008,Empate,2878,759,3371
7009,Vitoria,2879,759,3371
7010,Empate,2879,759,3372
7011,Empate,2879,759,3373
7012,Empate,2879,759,3374
7013,Vitoria,2880,759,3374
7014,Empate,2880,759,3375
7015,Vitoria,2881,759,3375
7016,Empate,2881,759,3376
7017,Vitoria,2882,759,3376
7018,Empate,2882,759,3377
7019,Vitoria,2883,759,3377
7020,Empate,2883,759,3378
7021,Vitoria,2884,759,3378
7022,Empate,2884,759,3379
7023,Vitoria,2885,759,3379
7024,Empate,2885,759,3380
7025,Vitoria,2886,759,3380
7026,Empate,2886,759,3381
7027,Vitoria,2887,759,3381
7028,Empate,2887,759,3382
7029,Vitoria,2888,759,3382
7030,Empate,2888,759,3383
7031,Vitoria,2889,759,3383
7032,Empate,2889,759,3384
7033,Vitoria,2890,759,3384
7034,Empate,2890,759,3385
7035,Vitoria,2891,759,3385
7036,Empate,2891,759,3386
7037,Vitoria,2892,759,3386
7038,Empate,2892,759,3387
7039,Vitoria,2893,759,3387
7040,Empate,2893,759,3388
7041,Vitoria,2894,759,3388
7042,Empate,2894,759,3389
7043,Vitoria,2895,759,3389
7044,Empate,2895,759,3390
7045,Vitoria,2896,759,3390
7046,Empate,2896,759,3391
7047,Vitoria,2897,759,3391
7048,Empate,2897,759,3392
7049,Vitoria,2898,759,3392
7050,Empate,2898,759,3393
7051,Vitoria,2899,759,3393
7052,Derrota,2899,760,3393
7053,Vitoria,2900,760,3393
7054,Derrota,2900,761,3393
7055,Empate,2900,761,3394
7056,Empate,2900,761,3395
7057,Vitoria,2901,761,3395
7058,Empate,2901,761,3396
7059,Vitoria,2902,761,3396
7060,Empate,2902,761,3397
7061,Vitoria,2903,761,3397
7062,Empate,2903,761,3398
7063,Vitoria,2904,761,3398
7064,Empate,2904,761,3399
7065,Vitoria,2905,761,3399
7066,Empate,2905,761,3400
7067,Vitoria,2906,761,3400
7068,Empate,2906,761,3401
7069,Vitoria,2907,761,3401
7070,Empate,2907,761,3402
7071,Vitoria,2908,761,3402
7072,Empate,2908,761,3403
7073,Vitoria,2909,761,3403
7074,Empate,2909,761,3404
7075,Vitoria,2910,761,3404
7076,Empate,2910,761,3405
7077,Vitoria,2911,761,3405
7078,Derrota,2911,762,3405
7079,Empate,2911,762,3406
7080,Empate,2911,762,3407
7081,Vitoria,2912,762,3407
7082,Empate,2912,762,3408
7083,Vitoria,2913,762,3408
7084,Derrota,2913,763,3408
7085,Vitoria,2914,763,3408
7086,Empate,2914,763,3409
7087,Vitoria,2915,763,3409
7088,Empate,2915,763,3410
7089,Vitoria,2916,763,3410
7090,Empate,2916,763,3411
7091,Vitoria,2917,763,3411
7092,Empate,2917,763,3412
7093,Vitoria,2918,763,3412
7094,Empate,2918,763,3413
7095,Vitoria,2919,763,3413
7096,Empate,2919,763,3414
7097,Vitoria,2920,763,3414
7098,Empate,2920,763,3415
7099,Vitoria,2921,763,3415
7100,Empate,2921,763,3416
7101,Vitoria,2922,763,3416
7102,Empate,2922,763,3417
7103,Vitoria,2923,763,3417
7104,Empate,2923,763,3418
7105,Vitoria,2924,763,3418
7106,Empate,2924,763,3419
7107,Empate,2924,763,3420
7108,Derrota,2924,764,3420
7109,Vitoria,2925,764,3420
7110,Derrota,2925,765,3420
7111,Vitoria,2926,765,3420
7112,Empate,2926,765,3421
7113,Vitoria,2927,765,3421
7114,Empate,2927,765,3422
7115,Vitoria,2928,765,3422
7116,Derrota,2928,766,3422
7117,Vitoria,2929,766,3422
7118,Empate,2929,766,3423
7119,Vitoria,2930,766,3423
7120,Empate,2930,766,3424
7121,Empate,2930,766,3425
7122,Empate,2930,766,3426
7123,Vitoria,2931,766,3426
7124,Derrota,2931,767,3426
7125,Empate,2931,767,3427
7126,Empate,2931,767,3428
7127,Vitoria,2932,767,3428
7128,Empate,2932,767,3429
7129,Vitoria,2933,767,3429
7130,Empate,2933,767,3430
7131,Empate,2933,767,3431
7132,Empate,2933,767,3432
7133,Vitoria,2934,767,3432
7134,Empate,2934,767,3433
7135,Vitoria,2935,767,3433
7136,Empate,2935,767,3434
7137,Vitoria,2936,767,3434
7138,Empate,2936,767,3435
7139,Vitoria,2937,767,3435
7140,Empate,2937,767,3436
7141,Vitoria,2938,767,3436
7142,Empate,2938,767,3437
7143,Vitoria,2939,767,3437
7144,Empate,2939,767,3438
7145,Vitoria,2940,767,3438
7146,Empate,2940,767,3439
7147,Derrota,2940,768,3439
7148,Derrota,2940,769,3439
7149,Vitoria,2941,769,3439
7150,Empate,2941,769,3440
7151,Vitoria,2942,769,3440
7152,Empate,2942,769,3441
7153,Vitoria,2943,769,3441
7154,Empate,2943,769,3442
7155,Vitoria,2944,769,3442
7156,Empate,2944,769,3443
7157,Derrota,2944,770,3443
7158,Empate,2944,770,3444
7159,Empate,2944,770,3445
7160,Empate,2944,770,3446
7161,Vitoria,2945,770,3446
7162,Empate,2945,770,3447
7163,Vitoria,2946,770,3447
7164,Empate,2946,770,3448
7165,Vitoria,2947,770,3448
7166,Empate,2947,770,3449
7167,Vitoria,2948,770,3449
7168,Empate,2948,770,3450
7169,Vitoria,2949,770,3450
7170,Empate,2949,770,3451
7171,Vitoria,2950,770,3451
7172,Empate,2950,770,3452
7173,Derrota,2950,771,3452
7174,Empate,2950,771,3453
7175,Empate,2950,771,3454
7176,Empate,2950,771,3455
7177,Vitoria,2951,771,3455
7178,Derrota,2951,772,3455
7179,Vitoria,2952,772,3455
7180,Empate,2952,772,3456
7181,Vitoria,2953,772,3456
7182,Empate,2953,772,3457
7183,Vitoria,2954,772,3457
7184,Empate,2954,772,3458
7185,Vitoria,2955,772,3458
7186,Empate,2955,772,3459
7187,Vitoria,2956,772,3459
7188,Empate,2956,772,3460
7189,Vitoria,2957,772,3460
7190,Derrota,2957,773,3460
7191,Vitoria,2958,773,3460
7192,Empate,2958,773,3461
7193,Vitoria,2959,773,3461
7194,Empate,2959,773,3462
7195,Vitoria,2960,773,3462
7196,Empate,2960,773,3463
7197,Vitoria,2961,773,3463
7198,Empate,2961,773,3464
7199,Vitoria,2962,773,3464
7200,Empate,2962,773,3465
7201,Vitoria,2963,773,3465
7202,Empate,2963,773,3466
7203,Vitoria,2964,773,3466
7204,Empate,2964,773,3467
7205,Vitoria,2965,773,3467
7206,Empate,2965,773,3468
7207,Derrota,2965,774,3468
7208,Empate,2965,774,3469
7209,Derrota,2965,775,3469
7210,Derrota,2965,776,3469
7211,Vitoria,2966,776,3469
7212,Empate,2966,776,3470
7213,Vitoria,2967,776,3470
7214,Empate,2967,776,3471
7215,Vitoria,2968,776,3471
7216,Empate,2968,776,3472
7217,Vitoria,2969,776,3472
7218,Empate,2969,776,3473
7219,Vitoria,2970,776,3473
7220,Empate,2970,776,3474
7221,Vitoria,2971,776,3474
7222,Empate,2971,776,3475
7223,Vitoria,2972,776,3475
7224,Empate,2972,776,3476
7225,Vitoria,2973,776,3476
7226,Empate,2973,776,3477
7227,Vitoria,2974,776,3477
7228,Empate,2974,776,3478
7229,Vitoria,2975,776,3478
7230,Empate,2975,776,3479
7231,Vitoria,2976,776,3479
7232,Empate,2976,776,3480
7233,Vitoria,2977,776,3480
7234,Empate,2977,776,3481
7235,Vitoria,2978,776,3481
7236,Empate,2978,776,3482
7237,Vitoria,2979,776,3482
7238,Empate,2979,776,3483
7239,Vitoria,2980,776,3483
7240,Empate,2980,776,3484
7241,Vitoria,2981,776,3484
7242,Empate,2981,776,3485
7243,Vitoria,2982,776,3485
7244,Empate,2982,776,3486
7245,Empate,2982,776,3487
7246,Empate,2982,776,3488
7247,Vitoria,2983,776,3488
7248,Empate,2983,776,3489
7249,Vitoria,2984,776,3489
7250,Empate,2984,776,3490
7251,Vitoria,2985,776,3490
7252,Empate,2985,776,3491
7253,Vitoria,2986,776,3491
7254,Empate,2986,776,3492
7255,Vitoria,2987,776,3492
7256,Derrota,2987,777,3492
7257,Vitoria,2988,777,3492
7258,Empate,2988,777,3493
7259,Vitoria,2989,777,3493
7260,Empate,2989,777,3494
7261,Vitoria,2990,777,3494
7262,Empate,2990,777,3495
7263,Vitoria,2991,777,3495
7264,Empate,2991,777,3496
7265,Vitoria,2992,777,3496
7266,Derrota,2992,778,3496
7267,Vitoria,2993,778,3496
7268,Empate,2993,778,3497
7269,Vitoria,2994,778,3497
7270,Empate,2994,778,3498
7271,Vitoria,2995,778,3498
7272,Empate,2995,778,3499
7273,Vitoria,2996,778,3499
7274,Empate,2996,778,3500
7275,Vitoria,2997,778,3500
7276,Empate,2997,778,3501
7277,Vitoria,2998,778,3501
7278,Empate,2998,778,3502
7279,Vitoria,2999,778,3502
7280,Empate,2999,778,3503
7281,Vitoria,3000,778,3503
7282,Empate,3000,778,3504
7283,Derrota,3000,779,3504
7284,Empate,3000,779,3505
7285,Vitoria,3001,779,3505
7286,Empate,3001,779,3506
7287,Vitoria,3002,779,3506
7288,Empate,3002,779,3507
7289,Vitoria,3003,779,3507
7290,Empate,3003,779,3508
7291,Vitoria,3004,779,3508
7292,Empate,3004,779,3509
7293,Vitoria,3005,779,3509
7294,Empate,3005,779,3510
7295,Vitoria,3006,779,3510
7296,Empate,3006,779,3511
7297,Vitoria,3007,779,3511
7298,Empate,3007,779,3512
7299,Vitoria,3008,779,3512
7300,Empate,3008,779,3513
7301,Vitoria,3009,779,3513
7302,Derrota,3009,780,3513
7303,Vitoria,3010,780,3513
7304,Empate,3010,780,3514
7305,Vitoria,3011,780,3514
7306,Empate,3011,780,3515
7307,Vitoria,3012,780,3515
7308,Empate,3012,780,3516
7309,Vitoria,3013,780,3516
7310,Empate,3013,780,3517
7311,Vitoria,3014,780,3517
7312,Empate,3014,780,3518
7313,Vitoria,3015,780,3518
7314,Empate,3015,780,3519
7315,Vitoria,3016,780,3519
7316,Empate,3016,780,3520
7317,Vitoria,3017,780,3520
7318,Empate,3017,780,3521
7319,Vitoria,3018,780,3521
7320,Empate,3018,780,3522
7321,Vitoria,3019,780,3522
7322,Empate,3019,780,3523
7323,Vitoria,3020,780,3523
7324,Empate,3020,780,3524
7325,Empate,3020,780,3525
7326,Empate,3020,780,3526
7327,Vitoria,3021,780,3526
7328,Empate,3021,780,3527
7329,Vitoria,3022,780,3527
7330,Empate,3022,780,3528
7331,Derrota,3022,781,3528
7332,Empate,3022,781,3529
7333,Empate,3022,781,3530
7334,Empate,3022,781,3531
7335,Vitoria,3023,781,3531
7336,Empate,3023,781,3532
7337,Vitoria,3024,781,3532
7338,Derrota,3024,782,3532
7339,Vitoria,3025,782,3532
7340,Empate,3025,782,3533
7341,Vitoria,3026,782,3533
7342,Derrota,3026,783,3533
7343,Vitoria,3027,783,3533
7344,Empate,3027,783,3534
7345,Vitoria,3028,783,3534
7346,Empate,3028,783,3535
7347,Vitoria,3029,783,3535
7348,Empate,3029,783,3536
7349,Vitoria,3030,783,3536
7350,Empate,3030,783,3537
7351,Vitoria,3031,783,3537
7352,Empate,3031,783,3538
7353,Vitoria,3032,783,3538
7354,Empate,3032,783,3539
7355,Empate,3032,783,3540
7356,Empate,3032,783,3541
7357,Vitoria,3033,783,3541
7358,Empate,3033,783,3542
7359,Vitoria,3034,783,3542
7360,Empate,3034,783,3543
7361,Vitoria,3035,783,3543
7362,Derrota,3035,784,3543
7363,Empate,3035,784,3544
7364,Empate,3035,784,3545
7365,Vitoria,3036,784,3545
7366,Empate,3036,784,3546
7367,Vitoria,3037,784,3546
7368,Empate,3037,784,3547
7369,Vitoria,3038,784,3547
7370,Empate,3038,784,3548
7371,Vitoria,3039,784,3548
7372,Empate,3039,784,3549
7373,Vitoria,3040,784,3549
7374,Empate,3040,784,3550
7375,Vitoria,3041,784,3550
7376,Empate,3041,784,3551
7377,Vitoria,3042,784,3551
7378,Empate,3042,784,3552
7379,Vitoria,3043,784,3552
7380,Empate,3043,784,3553
7381,Vitoria,3044,784,3553
7382,Empate,3044,784,3554
7383,Vitoria,3045,784,3554
7384,Empate,3045,784,3555
7385,Vitoria,3046,784,3555
7386,Empate,3046,784,3556
7387,Vitoria,3047,784,3556
7388,Empate,3047,784,3557
7389,Vitoria,3048,784,3557
7390,Derrota,3048,785,3557
7391,Empate,3048,785,3558
7392,Empate,3048,785,3559
7393,Vitoria,3049,785,3559
7394,Empate,3049,785,3560
7395,Vitoria,3050,785,3560
7396,Empate,3050,785,3561
7397,Derrota,3050,786,3561
7398,Empate,3050,786,3562
7399,Vitoria,3051,786,3562
7400,Empate,3051,786,3563
7401,Vitoria,3052,786,3563
7402,Empate,3052,786,3564
7403,Vitoria,3053,786,3564
7404,Empate,3053,786,3565
7405,Vitoria,3054,786,3565
7406,Empate,3054,786,3566
7407,Vitoria,3055,786,3566
7408,Empate,3055,786,3567
7409,Vitoria,3056,786,3567
7410,Empate,3056,786,3568
7411,Vitoria,3057,786,3568
7412,Empate,3057,786,3569
7413,Vitoria,3058,786,3569
7414,Empate,3058,786,3570
7415,Vitoria,3059,786,3570
7416,Empate,3059,786,3571
7417,Vitoria,3060,786,3571
7418,Empate,3060,786,3572
7419,Vitoria,3061,786,3572
7420,Empate,3061,786,3573
7421,Vitoria,3062,786,3573
7422,Empate,3062,786,3574
7423,Derrota,3062,787,3574
7424,Empate,3062,787,3575
7425,Vitoria,3063,787,3575
7426,Empate,3063,787,3576
7427,Vitoria,3064,787,3576
7428,Empate,3064,787,3577
7429,Vitoria,3065,787,3577
7430,Empate,3065,787,3578
7431,Vitoria,3066,787,3578
7432,Empate,3066,787,3579
7433,Vitoria,3067,787,3579
7434,Empate,3067,787,3580
7435,Empate,3067,787,3581
7436,Empate,3067,787,3582
7437,Vitoria,3068,787,3582
7438,Empate,3068,787,3583
7439,Vitoria,3069,787,3583
7440,Empate,3069,787,3584
7441,Vitoria,3070,787,3584
7442,Empate,3070,787,3585
7443,Vitoria,3071,787,3585
7444,Empate,3071,787,3586
7445,Vitoria,3072,787,3586
7446,Empate,3072,787,3587
7447,Vitoria,3073,787,3587
7448,Empate,3073,787,3588
7449,Vitoria,3074,787,3588
7450,Empate,3074,787,3589
7451,Empate,3074,787,3590
7452,Empate,3074,787,3591
7453,Vitoria,3075,787,3591
7454,Empate,3075,787,3592
7455,Empate,3075,787,3593
7456,Empate,3075,787,3594
7457,Empate,3075,787,3595
7458,Empate,3075,787,3596
7459,Vitoria,3076,787,3596
7460,Empate,3076,787,3597
7461,Vitoria,3077,787,3597
7462,Empate,3077,787,3598
7463,Empate,3077,787,3599
7464,Empate,3077,787,3600
7465,Vitoria,3078,787,3600
7466,Empate,3078,787,3601
7467,Vitoria,3079,787,3601
7468,Empate,3079,787,3602
7469,Empate,3079,787,3603
7470,Empate,3079,787,3604
7471,Vitoria,3080,787,3604
7472,Empate,3080,787,3605
7473,Vitoria,3081,787,3605
7474,Empate,3081,787,3606
7475,Vitoria,3082,787,3606
7476,Derrota,3082,788,3606
7477,Vitoria,3083,788,3606
7478,Empate,3083,788,3607
7479,Vitoria,3084,788,3607
7480,Empate,3084,788,3608
7481,Vitoria,3085,788,3608
7482,Empate,3085,788,3609
7483,Vitoria,3086,788,3609
7484,Empate,3086,788,3610
7485,Vitoria,3087,788,3610
7486,Derrota,3087,789,3610
7487,Vitoria,3088,789,3610
7488,Empate,3088,789,3611
7489,Vitoria,3089,789,3611
7490,Empate,3089,789,3612
7491,Vitoria,3090,789,3612
7492,Empate,3090,789,3613
7493,Vitoria,3091,789,3613
7494,Empate,3091,789,3614
7495,Vitoria,3092,789,3614
7496,Empate,3092,789,3615
7497,Vitoria,3093,789,3615
7498,Empate,3093,789,3616
7499,Vitoria,3094,789,3616
7500,Empate,3094,789,3617
7501,Vitoria,3095,789,3617
7502,Derrota,3095,790,3617
7503,Empate,3095,790,3618
7504,Empate,3095,790,3619
7505,Vitoria,3096,790,3619
7506,Empate,3096,790,3620
7507,Vitoria,3097,790,3620
7508,Empate,3097,790,3621
7509,Vitoria,3098,790,3621
7510,Empate,3098,790,3622
7511,Vitoria,3099,790,3622
7512,Derrota,3099,791,3622
7513,Vitoria,3100,791,3622
7514,Empate,3100,791,3623
7515,Vitoria,3101,791,3623
7516,Derrota,3101,792,3623
7517,Empate,3101,792,3624
7518,Empate,3101,792,3625
7519,Vitoria,3102,792,3625
7520,Empate,3102,792,3626
7521,Vitoria,3103,792,3626
7522,Empate,3103,792,3627
7523,Vitoria,3104,792,3627
7524,Empate,3104,792,3628
7525,Empate,3104,792,3629
7526,Empate,3104,792,3630
7527,Vitoria,3105,792,3630
7528,Empate,3105,792,3631
7529,Vitoria,3106,792,3631
7530,Empate,3106,792,3632
7531,Vitoria,3107,792,3632
7532,Derrota,3107,793,3632
7533,Vitoria,3108,793,3632
7534,Empate,3108,793,3633
7535,Derrota,3108,794,3633
7536,Derrota,3108,795,3633
7537,Vitoria,3109,795,3633
7538,Empate,3109,795,3634
7539,Vitoria,3110,795,3634
7540,Empate,3110,795,3635
7541,Vitoria,3111,795,3635
7542,Empate,3111,795,3636
7543,Vitoria,3112,795,3636
7544,Empate,3112,795,3637
7545,Empate,3112,795,3638
7546,Empate,3112,795,3639
7547,Vitoria,3113,795,3639
7548,Empate,3113,795,3640
7549,Vitoria,3114,795,3640
7550,Empate,3114,795,3641
7551,Vitoria,3115,795,3641
7552,Empate,3115,795,3642
7553,Vitoria,3116,795,3642
7554,Empate,3116,795,3643
7555,Vitoria,3117,795,3643
7556,Empate,3117,795,3644
7557,Vitoria,3118,795,3644
7558,Empate,3118,795,3645
7559,Vitoria,3119,795,3645
7560,Empate,3119,795,3646
7561,Vitoria,3120,795,3646
7562,Empate,3120,795,3647
7563,Vitoria,3121,795,3647
7564,Empate,3121,795,3648
7565,Vitoria,3122,795,3648
7566,Empate,3122,795,3649
7567,Vitoria,3123,795,3649
7568,Empate,3123,795,3650
7569,Vitoria,3124,795,3650
7570,Empate,3124,795,3651
7571,Vitoria,3125,795,3651
7572,Empate,3125,795,3652
7573,Vitoria,3126,795,3652
7574,Empate,3126,795,3653
7575,Vitoria,3127,795,3653
7576,Empate,3127,795,3654
7577,Empate,3127,795,3655
7578,Empate,3127,795,3656
7579,Vitoria,3128,795,3656
7580,Empate,3128,795,3657
7581,Vitoria,3129,795,3657
7582,Empate,3129,795,3658
7583,Vitoria,3130,795,3658
7584,Derrota,3130,796,3658
7585,Vitoria,3131,796,3658
7586,Empate,3131,796,3659
7587,Vitoria,3132,796,3659
7588,Empate,3132,796,3660
7589,Empate,3132,796,3661
7590,Derrota,3132,797,3661
7591,Vitoria,3133,797,3661
7592,Empate,3133,797,3662
7593,Vitoria,3134,797,3662
7594,Empate,3134,797,3663
7595,Vitoria,3135,797,3663
7596,Empate,3135,797,3664
7597,Vitoria,3136,797,3664
7598,Empate,3136,797,3665
7599,Vitoria,3137,797,3665
7600,Derrota,3137,798,3665
7601,Vitoria,3138,798,3665
7602,Empate,3138,798,3666
7603,Vitoria,3139,798,3666
7604,Derrota,3139,799,3666
7605,Vitoria,3140,799,3666
7606,Empate,3140,799,3667
7607,Vitoria,3141,799,3667
7608,Empate,3141,799,3668
7609,Vitoria,3142,799,3668
7610,Empate,3142,799,3669
7611,Vitoria,3143,799,3669
7612,Empate,3143,799,3670
7613,Vitoria,3144,799,3670
7614,Empate,3144,799,3671
7615,Vitoria,3145,799,3671
7616,Empate,3145,799,3672
7617,Vitoria,3146,799,3672
7618,Empate,3146,799,3673
7619,Vitoria,3147,799,3673
7620,Empate,3147,799,3674
7621,Vitoria,3148,799,3674
7622,Empate,3148,799,3675
7623,Vitoria,3149,799,3675
7624,Empate,3149,799,3676
7625,Vitoria,3150,799,3676
7626,Empate,3150,799,3677
7627,Vitoria,3151,799,3677
7628,Empate,3151,799,3678
7629,Vitoria,3152,799,3678
7630,Empate,3152,799,3679
7631,Vitoria,3153,799,3679
7632,Derrota,3153,800,3679
7633,Vitoria,3154,800,3679
7634,Empate,3154,800,3680
7635,Vitoria,3155,800,3680
7636,Empate,3155,800,3681
7637,Vitoria,3156,800,3681
7638,Empate,3156,800,3682
7639,Vitoria,3157,800,3682
7640,Empate,3157,800,3683
7641,Vitoria,3158,800,3683
7642,Empate,3158,800,3684
7643,Vitoria,3159,800,3684
7644,Empate,3159,800,3685
7645,Derrota,3159,801,3685
7646,Empate,3159,801,3686
7647,Vitoria,3160,801,3686
7648,Empate,3160,801,3687
7649,Vitoria,3161,801,3687
7650,Derrota,3161,802,3687
7651,Vitoria,3162,802,3687
7652,Empate,3162,802,3688
7653,Vitoria,3163,802,3688
7654,Empate,3163,802,3689
7655,Vitoria,3164,802,3689
7656,Empate,3164,802,3690
7657,Vitoria,3165,802,3690
7658,Empate,3165,802,3691
7659,Vitoria,3166,802,3691
7660,Empate,3166,802,3692
7661,Vitoria,3167,802,3692
7662,Empate,3167,802,3693
7663,Empate,3167,802,3694
7664,Empate,3167,802,3695
7665,Derrota,3167,803,3695
7666,Empate,3167,803,3696
7667,Vitoria,3168,803,3696
7668,Derrota,3168,804,3696
7669,Vitoria,3169,804,3696
7670,Derrota,3169,805,3696
7671,Empate,3169,805,3697
7672,Empate,3169,805,3698
7673,Vitoria,3170,805,3698
7674,Empate,3170,805,3699
7675,Vitoria,3171,805,3699
7676,Empate,3171,805,3700
7677,Vitoria,3172,805,3700
7678,Empate,3172,805,3701
7679,Vitoria,3173,805,3701
7680,Empate,3173,805,3702
7681,Empate,3173,805,3703
7682,Empate,3173,805,3704
7683,Vitoria,3174,805,3704
7684,Empate,3174,805,3705
7685,Vitoria,3175,805,3705
7686,Empate,3175,805,3706
7687,Vitoria,3176,805,3706
7688,Empate,3176,805,3707
7689,Vitoria,3177,805,3707
7690,Empate,3177,805,3708
7691,Vitoria,3178,805,3708
7692,Empate,3178,805,3709
7693,Derrota,3178,806,3709
7694,Empate,3178,806,3710
7695,Vitoria,3179,806,3710
7696,Empate,3179,806,3711
7697,Vitoria,3180,806,3711
7698,Empate,3180,806,3712
7699,Vitoria,3181,806,3712
7700,Empate,3181,806,3713
7701,Vitoria,3182,806,3713
7702,Empate,3182,806,3714
7703,Vitoria,3183,806,3714
7704,Derrota,3183,807,3714
7705,Empate,3183,807,3715
7706,Empate,3183,807,3716
7707,Vitoria,3184,807,3716
7708,Derrota,3184,808,3716
7709,Vitoria,3185,808,3716
7710,Empate,3185,808,3717
7711,Empate,3185,808,3718
7712,Empate,3185,808,3719
7713,Vitoria,3186,808,3719
7714,Empate,3186,808,3720
7715,Vitoria,3187,808,3720
7716,Empate,3187,808,3721
7717,Vitoria,3188,808,3721
7718,Empate,3188,808,3722
7719,Empate,3188,808,3723
7720,Empate,3188,808,3724
7721,Vitoria,3189,808,3724
7722,Empate,3189,808,3725
7723,Vitoria,3190,808,3725
7724,Empate,3190,808,3726
7725,Vitoria,3191,808,3726
7726,Empate,3191,808,3727
7727,Vitoria,3192,808,3727
7728,Empate,3192,808,3728
7729,Vitoria,3193,808,3728
7730,Empate,3193,808,3729
7731,Vitoria,3194,808,3729
7732,Empate,3194,808,3730
7733,Vitoria,3195,808,3730
7734,Empate,3195,808,3731
7735,Vitoria,3196,808,3731
7736,Empate,3196,808,3732
7737,Vitoria,3197,808,3732
7738,Empate,3197,808,3733
7739,Vitoria,3198,808,3733
7740,Empate,3198,808,3734
7741,Vitoria,3199,808,3734
7742,Empate,3199,808,3735
7743,Vitoria,3200,808,3735
7744,Empate,3200,808,3736
7745,Vitoria,3201,808,3736
7746,Derrota,3201,809,3736
7747,Empate,3201,809,3737
7748,Empate,3201,809,3738
7749,Vitoria,3202,809,3738
7750,Empate,3202,809,3739
7751,Vitoria,3203,809,3739
7752,Empate,3203,809,3740
7753,Vitoria,3204,809,3740
7754,Empate,3204,809,3741
7755,Vitoria,3205,809,3741
7756,Empate,3205,809,3742
7757,Vitoria,3206,809,3742
7758,Empate,3206,809,3743
7759,Vitoria,3207,809,3743
7760,Empate,3207,809,3744
7761,Vitoria,3208,809,3744
7762,Empate,3208,809,3745
7763,Vitoria,3209,809,3745
7764,Empate,3209,809,3746
7765,Vitoria,3210,809,3746
7766,Empate,3210,809,3747
7767,Vitoria,3211,809,3747
7768,Empate,3211,809,3748
7769,Vitoria,3212,809,3748
7770,Empate,3212,809,3749
7771,Vitoria,3213,809,3749
7772,Empate,3213,809,3750
7773,Vitoria,3214,809,3750
7774,Empate,3214,809,3751
7775,Empate,3214,809,3752
7776,Empate,3214,809,3753
7777,Vitoria,3215,809,3753
7778,Empate,3215,809,3754
7779,Empate,3215,809,3755
7780,Derrota,3215,810,3755
7781,Vitoria,3216,810,3755
7782,Empate,3216,810,3756
7783,Derrota,3216,811,3756
7784,Empate,3216,811,3757
7785,Vitoria,3217,811,3757
7786,Empate,3217,811,3758
7787,Vitoria,3218,811,3758
7788,Derrota,3218,812,3758
7789,Vitoria,3219,812,3758
7790,Empate,3219,812,3759
7791,Vitoria,3220,812,3759
7792,Empate,3220,812,3760
7793,Vitoria,3221,812,3760
7794,Empate,3221,812,3761
7795,Derrota,3221,813,3761
7796,Empate,3221,813,3762
7797,Vitoria,3222,813,3762
7798,Empate,3222,813,3763
7799,Vitoria,3223,813,3763
7800,Empate,3223,813,3764
7801,Vitoria,3224,813,3764
7802,Empate,3224,813,3765
7803,Vitoria,3225,813,3765
7804,Empate,3225,813,3766
7805,Derrota,3225,814,3766
7806,Empate,3225,814,3767
7807,Vitoria,3226,814,3767
7808,Empate,3226,814,3768
7809,Vitoria,3227,814,3768
7810,Empate,3227,814,3769
7811,Vitoria,3228,814,3769
7812,Empate,3228,814,3770
7813,Vitoria,3229,814,3770
7814,Empate,3229,814,3771
7815,Vitoria,3230,814,3771
7816,Empate,3230,814,3772
7817,Vitoria,3231,814,3772
7818,Empate,3231,814,3773
7819,Vitoria,3232,814,3773
7820,Empate,3232,814,3774
7821,Vitoria,3233,814,3774
7822,Empate,3233,814,3775
7823,Derrota,3233,815,3775
7824,Derrota,3233,816,3775
7825,Vitoria,3234,816,3775
7826,Derrota,3234,817,3775
7827,Vitoria,3235,817,3775
7828,Empate,3235,817,3776
7829,Vitoria,3236,817,3776
7830,Empate,3236,817,3777
7831,Vitoria,3237,817,3777
7832,Derrota,3237,818,3777
7833,Vitoria,3238,818,3777
7834,Derrota,3238,819,3777
7835,Vitoria,3239,819,3777
7836,Empate,3239,819,3778
7837,Vitoria,3240,819,3778
7838,Empate,3240,819,3779
7839,Vitoria,3241,819,3779
7840,Empate,3241,819,3780
7841,Vitoria,3242,819,3780
7842,Empate,3242,819,3781
7843,Vitoria,3243,819,3781
7844,Empate,3243,819,3782
7845,Empate,3243,819,3783
7846,Empate,3243,819,3784
7847,Vitoria,3244,819,3784
7848,Empate,3244,819,3785
7849,Vitoria,3245,819,3785
7850,Empate,3245,819,3786
7851,Vitoria,3246,819,3786
7852,Empate,3246,819,3787
7853,Vitoria,3247,819,3787
7854,Empate,3247,819,3788
7855,Derrota,3247,820,3788
7856,Empate,3247,820,3789
7857,Vitoria,3248,820,3789
7858,Empate,3248,820,3790
7859,Vitoria,3249,820,3790
7860,Empate,3249,820,3791
7861,Vitoria,3250,820,3791
7862,Empate,3250,820,3792
7863,Vitoria,3251,820,3792
7864,Empate,3251,820,3793
7865,Vitoria,3252,820,3793
7866,Empate,3252,820,3794
7867,Derrota,3252,821,3794
7868,Empate,3252,821,3795
7869,Vitoria,3253,821,3795
7870,Empate,3253,821,3796
7871,Vitoria,3254,821,3796
7872,Empate,3254,821,3797
7873,Vitoria,3255,821,3797
7874,Empate,3255,821,3798
7875,Vitoria,3256,821,3798
7876,Empate,3256,821,3799
7877,Vitoria,3257,821,3799
7878,Empate,3257,821,3800
7879,Vitoria,3258,821,3800
7880,Empate,3258,821,3801
7881,Vitoria,3259,821,3801
7882,Derrota,3259,822,3801
7883,Empate,3259,822,3802
7884,Empate,3259,822,3803
7885,Vitoria,3260,822,3803
7886,Empate,3260,822,3804
7887,Vitoria,3261,822,3804
7888,Derrota,3261,823,3804
7889,Vitoria,3262,823,3804
7890,Empate,3262,823,3805
7891,Vitoria,3263,823,3805
7892,Empate,3263,823,3806
7893,Vitoria,3264,823,3806
7894,Empate,3264,823,3807
7895,Vitoria,3265,823,3807
7896,Empate,3265,823,3808
7897,Vitoria,3266,823,3808
7898,Empate,3266,823,3809
7899,Vitoria,3267,823,3809
7900,Empate,3267,823,3810
7901,Vitoria,3268,823,3810
7902,Empate,3268,823,3811
7903,Vitoria,3269,823,3811
7904,Empate,3269,823,3812
7905,Vitoria,3270,823,3812
7906,Empate,3270,823,3813
7907,Vitoria,3271,823,3813
7908,Empate,3271,823,3814
7909,Vitoria,3272,823,3814
7910,Empate,3272,823,3815
7911,Vitoria,3273,823,3815
7912,Empate,3273,823,3816
7913,Vitoria,3274,823,3816
7914,Empate,3274,823,3817
7915,Vitoria,3275,823,3817
7916,Empate,3275,823,3818
7917,Vitoria,3276,823,3818
7918,Empate,3276,823,3819
7919,Derrota,3276,824,3819
7920,Empate,3276,824,3820
7921,Vitoria,3277,824,3820
7922,Empate,3277,824,3821
7923,Derrota,3277,825,3821
7924,Empate,3277,825,3822
7925,Vitoria,3278,825,3822
7926,Empate,3278,825,3823
7927,Vitoria,3279,825,3823
7928,Empate,3279,825,3824
7929,Vitoria,3280,825,3824
7930,Empate,3280,825,3825
7931,Vitoria,3281,825,3825
7932,Empate,3281,825,3826
7933,Vitoria,3282,825,3826
7934,Empate,3282,825,3827
7935,Derrota,3282,826,3827
7936,Empate,3282,826,3828
7937,Vitoria,3283,826,3828
7938,Empate,3283,826,3829
7939,Vitoria,3284,826,3829
7940,Empate,3284,826,3830
7941,Vitoria,3285,826,3830
7942,Empate,3285,826,3831
7943,Vitoria,3286,826,3831
7944,Empate,3286,826,3832
7945,Derrota,3286,827,3832
7946,Empate,3286,827,3833
7947,Vitoria,3287,827,3833
7948,Empate,3287,827,3834
7949,Vitoria,3288,827,3834
7950,Empate,3288,827,3835
7951,Vitoria,3289,827,3835
7952,Empate,3289,827,3836
7953,Vitoria,3290,827,3836
7954,Empate,3290,827,3837
7955,Vitoria,3291,827,3837
7956,Empate,3291,827,3838
7957,Vitoria,3292,827,3838
7958,Empate,3292,827,3839
7959,Vitoria,3293,827,3839
7960,Empate,3293,827,3840
7961,Vitoria,3294,827,3840
7962,Empate,3294,827,3841
7963,Derrota,3294,828,3841
7964,Empate,3294,828,3842
7965,Vitoria,3295,828,3842
7966,Empate,3295,828,3843
7967,Vitoria,3296,828,3843
7968,Empate,3296,828,3844
7969,Vitoria,3297,828,3844
7970,Empate,3297,828,3845
7971,Vitoria,3298,828,3845
7972,Empate,3298,828,3846
7973,Vitoria,3299,828,3846
7974,Derrota,3299,829,3846
7975,Vitoria,3300,829,3846
7976,Empate,3300,829,3847
7977,Vitoria,3301,829,3847
7978,Empate,3301,829,3848
7979,Empate,3301,829,3849
7980,Empate,3301,829,3850
7981,Vitoria,3302,829,3850
7982,Empate,3302,829,3851
7983,Derrota,3302,830,3851
7984,Empate,3302,830,3852
7985,Vitoria,3303,830,3852
7986,Empate,3303,830,3853
7987,Vitoria,3304,830,3853
7988,Empate,3304,830,3854
7989,Vitoria,3305,830,3854
7990,Empate,3305,830,3855
7991,Vitoria,3306,830,3855
7992,Derrota,3306,831,3855
7993,Vitoria,3307,831,3855
7994,Empate,3307,831,3856
7995,Empate,3307,831,3857
7996,Empate,3307,831,3858
7997,Empate,3307,831,3859
7998,Empate,3307,831,3860
7999,Vitoria,3308,831,3860
8000,Empate,3308,831,3861
8001,Vitoria,3309,831,3861
8002,Empate,3309,831,3862
8003,Vitoria,3310,831,3862
8004,Empate,3310,831,3863
8005,Vitoria,3311,831,3863
8006,Empate,3311,831,3864
8007,Vitoria,3312,831,3864
8008,Empate,3312,831,3865
8009,Vitoria,3313,831,3865
8010,Empate,3313,831,3866
8011,Vitoria,3314,831,3866
8012,Derrota,3314,832,3866
8013,Vitoria,3315,832,3866
8014,Empate,3315,832,3867
8015,Derrota,3315,833,3867
8016,Empate,3315,833,3868
8017,Vitoria,3316,833,3868
8018,Empate,3316,833,3869
8019,Vitoria,3317,833,3869
8020,Empate,3317,833,3870
8021,Vitoria,3318,833,3870
8022,Empate,3318,833,3871
8023,Vitoria,3319,833,3871
8024,Empate,3319,833,3872
8025,Vitoria,3320,833,3872
8026,Empate,3320,833,3873
8027,Vitoria,3321,833,3873
8028,Empate,3321,833,3874
8029,Vitoria,3322,833,3874
8030,Empate,3322,833,3875
8031,Vitoria,3323,833,3875
8032,Empate,3323,833,3876
8033,Vitoria,3324,833,3876
8034,Empate,3324,833,3877
8035,Vitoria,3325,833,3877
8036,Empate,3325,833,3878
8037,Vitoria,3326,833,3878
8038,Empate,3326,833,3879
8039,Vitoria,3327,833,3879
8040,Empate,3327,833,3880
8041,Vitoria,3328,833,3880
8042,Empate,3328,833,3881
8043,Vitoria,3329,833,3881
8044,Empate,3329,833,3882
8045,Vitoria,3330,833,3882
8046,Empate,3330,833,3883
8047,Vitoria,3331,833,3883
8048,Empate,3331,833,3884
8049,Vitoria,3332,833,3884
8050,Empate,3332,833,3885
8051,Vitoria,3333,833,3885
8052,Empate,3333,833,3886
8053,Vitoria,3334,833,3886
8054,Empate,3334,833,3887
8055,Vitoria,3335,833,3887
8056,Empate,3335,833,3888
8057,Vitoria,3336,833,3888
8058,Empate,3336,833,3889
8059,Vitoria,3337,833,3889
8060,Empate,3337,833,3890
8061,Vitoria,3338,833,3890
8062,Empate,3338,833,3891
8063,Vitoria,3339,833,3891
8064,Empate,3339,833,3892
8065,Vitoria,3340,833,3892
8066,Empate,3340,833,3893
8067,Vitoria,3341,833,3893
8068,Empate,3341,833,3894
8069,Vitoria,3342,833,3894
8070,Empate,3342,833,3895
8071,Vitoria,3343,833,3895
8072,Empate,3343,833,3896
8073,Vitoria,3344,833,3896
8074,Empate,3344,833,3897
8075,Derrota,3344,834,3897
8076,Empate,3344,834,3898
8077,Vitoria,3345,834,3898
8078,Empate,3345,834,3899
8079,Vitoria,3346,834,3899
8080,Empate,3346,834,3900
8081,Vitoria,3347,834,3900
8082,Empate,3347,834,3901
8083,Vitoria,3348,834,3901
8084,Empate,3348,834,3902
8085,Vitoria,3349,834,3902
8086,Empate,3349,834,3903
8087,Vitoria,3350,834,3903
8088,Empate,3350,834,3904
8089,Vitoria,3351,834,3904
8090,Empate,3351,834,3905
8091,Empate,3351,834,3906
8092,Empate,3351,834,3907
8093,Derrota,3351,835,3907
8094,Empate,3351,835,3908
8095,Vitoria,3352,835,3908
8096,Empate,3352,835,3909
8097,Vitoria,3353,835,3909
8098,Empate,3353,835,3910
8099,Vitoria,3354,835,3910
8100,Empate,3354,835,3911
8101,Vitoria,3355,835,3911
8102,Empate,3355,835,3912
8103,Vitoria,3356,835,3912
8104,Empate,3356,835,3913
8105,Vitoria,3357,835,3913
8106,Empate,3357,835,3914
8107,Derrota,3357,836,3914
8108,Empate,3357,836,3915
8109,Vitoria,3358,836,3915
8110,Empate,3358,836,3916
8111,Vitoria,3359,836,3916
8112,Empate,3359,836,3917
8113,Vitoria,3360,836,3917
8114,Empate,3360,836,3918
8115,Vitoria,3361,836,3918
8116,Empate,3361,836,3919
8117,Vitoria,3362,836,3919
8118,Empate,3362,836,3920
8119,Vitoria,3363,836,3920
8120,Derrota,3363,837,3920
8121,Vitoria,3364,837,3920
8122,Empate,3364,837,3921
8123,Derrota,3364,838,3921
8124,Empate,3364,838,3922
8125,Vitoria,3365,838,3922
8126,Empate,3365,838,3923
8127,Vitoria,3366,838,3923
8128,Empate,3366,838,3924
8129,Vitoria,3367,838,3924
8130,Empate,3367,838,3925
8131,Vitoria,3368,838,3925
8132,Empate,3368,838,3926
8133,Vitoria,3369,838,3926
8134,Empate,3369,838,3927
8135,Vitoria,3370,838,3927
8136,Derrota,3370,839,3927
8137,Vitoria,3371,839,3927
8138,Empate,3371,839,3928
8139,Vitoria,3372,839,3928
8140,Derrota,3372,840,3928
8141,Vitoria,3373,840,3928
8142,Empate,3373,840,3929
8143,Vitoria,3374,840,3929
8144,Empate,3374,840,3930
8145,Vitoria,3375,840,3930
8146,Empate,3375,840,3931
8147,Derrota,3375,841,3931
8148,Derrota,3375,842,3931
8149,Vitoria,3376,842,3931
8150,Empate,3376,842,3932
8151,Vitoria,3377,842,3932
8152,Empate,3377,842,3933
8153,Empate,3377,842,3934
8154,Derrota,3377,843,3934
8155,Vitoria,3378,843,3934
8156,Empate,3378,843,3935
8157,Vitoria,3379,843,3935
8158,Empate,3379,843,3936
8159,Vitoria,3380,843,3936
8160,Empate,3380,843,3937
8161,Vitoria,3381,843,3937
8162,Empate,3381,843,3938
8163,Empate,3381,843,3939
8164,Empate,3381,843,3940
8165,Vitoria,3382,843,3940
8166,Empate,3382,843,3941
8167,Vitoria,3383,843,3941
8168,Empate,3383,843,3942
8169,Empate,3383,843,3943
8170,Empate,3383,843,3944
8171,Derrota,3383,844,3944
8172,Empate,3383,844,3945
8173,Vitoria,3384,844,3945
8174,Empate,3384,844,3946
8175,Vitoria,3385,844,3946
8176,Empate,3385,844,3947
8177,Vitoria,3386,844,3947
8178,Derrota,3386,845,3947
8179,Vitoria,3387,845,3947
8180,Empate,3387,845,3948
8181,Vitoria,3388,845,3948
8182,Empate,3388,845,3949
8183,Vitoria,3389,845,3949
8184,Empate,3389,845,3950
8185,Vitoria,3390,845,3950
8186,Empate,3390,845,3951
8187,Vitoria,3391,845,3951
8188,Empate,3391,845,3952
8189,Vitoria,3392,845,3952
8190,Empate,3392,845,3953
8191,Vitoria,3393,845,3953
8192,Empate,3393,845,3954
8193,Derrota,3393,846,3954
8194,Empate,3393,846,3955
8195,Vitoria,3394,846,3955
8196,Empate,3394,846,3956
8197,Vitoria,3395,846,3956
8198,Empate,3395,846,3957
8199,Vitoria,3396,846,3957
8200,Empate,3396,846,3958
8201,Vitoria,3397,846,3958
8202,Empate,3397,846,3959
8203,Vitoria,3398,846,3959
8204,Empate,3398,846,3960
8205,Vitoria,3399,846,3960
8206,Derrota,3399,847,3960
8207,Vitoria,3400,847,3960
8208,Derrota,3400,848,3960
8209,Vitoria,3401,848,3960
8210,Empate,3401,848,3961
8211,Vitoria,3402,848,3961
8212,Empate,3402,848,3962
8213,Vitoria,3403,848,3962
8214,Derrota,3403,849,3962
8215,Vitoria,3404,849,3962
8216,Empate,3404,849,3963
8217,Vitoria,3405,849,3963
8218,Derrota,3405,850,3963
8219,Vitoria,3406,850,3963
8220,Empate,3406,850,3964
8221,Vitoria,3407,850,3964
8222,Empate,3407,850,3965
8223,Vitoria,3408,850,3965
8224,Empate,3408,850,3966
8225,Vitoria,3409,850,3966
8226,Derrota,3409,851,3966
8227,Vitoria,3410,851,3966
8228,Empate,3410,851,3967
8229,Empate,3410,851,3968
8230,Empate,3410,851,3969
8231,Vitoria,3411,851,3969
8232,Derrota,3411,852,3969
8233,Derrota,3411,853,3969
8234,Empate,3411,853,3970
8235,Vitoria,3412,853,3970
8236,Derrota,3412,854,3970
8237,Vitoria,3413,854,3970
8238,Empate,3413,854,3971
8239,Vitoria,3414,854,3971
8240,Derrota,3414,855,3971
8241,Vitoria,3415,855,3971
8242,Empate,3415,855,3972
8243,Vitoria,3416,855,3972
8244,Empate,3416,855,3973
8245,Vitoria,3417,855,3973
8246,Empate,3417,855,3974
8247,Vitoria,3418,855,3974
8248,Empate,3418,855,3975
8249,Vitoria,3419,855,3975
8250,Empate,3419,855,3976
8251,Vitoria,3420,855,3976
8252,Empate,3420,855,3977
8253,Vitoria,3421,855,3977
8254,Empate,3421,855,3978
8255,Vitoria,3422,855,3978
8256,Empate,3422,855,3979
8257,Vitoria,3423,855,3979
8258,Empate,3423,855,3980
8259,Vitoria,3424,855,3980
8260,Empate,3424,855,3981
8261,Vitoria,3425,855,3981
8262,Empate,3425,855,3982
8263,Vitoria,3426,855,3982
8264,Empate,3426,855,3983
8265,Vitoria,3427,855,3983
8266,Derrota,3427,856,3983
8267,Vitoria,3428,856,3983
8268,Empate,3428,856,3984
8269,Vitoria,3429,856,3984
8270,Empate,3429,856,3985
8271,Vitoria,3430,856,3985
8272,Empate,3430,856,3986
8273,Empate,3430,856,3987
8274,Empate,3430,856,3988
8275,Vitoria,3431,856,3988
8276,Empate,3431,856,3989
8277,Vitoria,3432,856,3989
8278,Empate,3432,856,3990
8279,Derrota,3432,857,3990
8280,Empate,3432,857,3991
8281,Vitoria,3433,857,3991
8282,Empate,3433,857,3992
8283,Vitoria,3434,857,3992
8284,Empate,3434,857,3993
8285,Vitoria,3435,857,3993
8286,Derrota,3435,858,3993
8287,Vitoria,3436,858,3993
8288,Empate,3436,858,3994
8289,Derrota,3436,859,3994
8290,Empate,3436,859,3995
8291,Vitoria,3437,859,3995
8292,Empate,3437,859,3996
8293,Vitoria,3438,859,3996
8294,Empate,3438,859,3997
8295,Vitoria,3439,859,3997
8296,Empate,3439,859,3998
8297,Vitoria,3440,859,3998
8298,Empate,3440,859,3999
8299,Vitoria,3441,859,3999
8300,Empate,3441,859,4000
8301,Vitoria,3442,859,4000
8302,Empate,3442,859,4001
8303,Vitoria,3443,859,4001
8304,Empate,3443,859,4002
8305,Vitoria,3444,859,4002
8306,Empate,3444,859,4003
8307,Empate,3444,859,4004
8308,Derrota,3444,860,4004
8309,Empate,3444,860,4005
8310,Empate,3444,860,4006
8311,Empate,3444,860,4007
8312,Empate,3444,860,4008
8313,Vitoria,3445,860,4008
8314,Empate,3445,860,4009
8315,Vitoria,3446,860,4009
8316,Empate,3446,860,4010
8317,Empate,3446,860,4011
8318,Empate,3446,860,4012
8319,Vitoria,3447,860,4012
8320,Empate,3447,860,4013
8321,Derrota,3447,861,4013
8322,Empate,3447,861,4014
8323,Vitoria,3448,861,4014
8324,Empate,3448,861,4015
8325,Vitoria,3449,861,4015
8326,Empate,3449,861,4016
8327,Empate,3449,861,4017
8328,Empate,3449,861,4018
8329,Vitoria,3450,861,4018
8330,Empate,3450,861,4019
8331,Vitoria,3451,861,4019
8332,Empate,3451,861,4020
8333,Vitoria,3452,861,4020
8334,Empate,3452,861,4021
8335,Vitoria,3453,861,4021
8336,Empate,3453,861,4022
8337,Vitoria,3454,861,4022
8338,Empate,3454,861,4023
8339,Vitoria,3455,861,4023
8340,Empate,3455,861,4024
8341,Derrota,3455,862,4024
8342,Empate,3455,862,4025
8343,Vitoria,3456,862,4025
8344,Empate,3456,862,4026
8345,Vitoria,3457,862,4026
8346,Empate,3457,862,4027
8347,Vitoria,3458,862,4027
8348,Empate,3458,862,4028
8349,Vitoria,3459,862,4028
8350,Empate,3459,862,4029
8351,Vitoria,3460,862,4029
8352,Empate,3460,862,4030
8353,Vitoria,3461,862,4030
8354,Empate,3461,862,4031
8355,Vitoria,3462,862,4031
8356,Empate,3462,862,4032
8357,Vitoria,3463,862,4032
8358,Empate,3463,862,4033
8359,Vitoria,3464,862,4033
8360,Empate,3464,862,4034
8361,Vitoria,3465,862,4034
8362,Empate,3465,862,4035
8363,Vitoria,3466,862,4035
8364,Empate,3466,862,4036
8365,Vitoria,3467,862,4036
8366,Empate,3467,862,4037
8367,Vitoria,3468,862,4037
8368,Empate,3468,862,4038
8369,Vitoria,3469,862,4038
8370,Empate,3469,862,4039
8371,Vitoria,3470,862,4039
8372,Empate,3470,862,4040
8373,Vitoria,3471,862,4040
8374,Empate,3471,862,4041
8375,Vitoria,3472,862,4041
8376,Derrota,3472,863,4041
8377,Vitoria,3473,863,4041
8378,Empate,3473,863,4042
8379,Vitoria,3474,863,4042
8380,Empate,3474,863,4043
8381,Vitoria,3475,863,4043
8382,Empate,3475,863,4044
8383,Vitoria,3476,863,4044
8384,Empate,3476,863,4045
8385,Vitoria,3477,863,4045
8386,Empate,3477,863,4046
8387,Empate,3477,863,4047
8388,Empate,3477,863,4048
8389,Vitoria,3478,863,4048
8390,Empate,3478,863,4049
8391,Vitoria,3479,863,4049
8392,Empate,3479,863,4050
8393,Vitoria,3480,863,4050
8394,Empate,3480,863,4051
8395,Vitoria,3481,863,4051
8396,Empate,3481,863,4052
8397,Vitoria,3482,863,4052
8398,Empate,3482,863,4053
8399,Vitoria,3483,863,4053
8400,Empate,3483,863,4054
8401,Empate,3483,863,4055
8402,Empate,3483,863,4056
8403,Empate,3483,863,4057
8404,Empate,3483,863,4058
8405,Vitoria,3484,863,4058
8406,Empate,3484,863,4059
8407,Vitoria,3485,863,4059
8408,Empate,3485,863,4060
8409,Vitoria,3486,863,4060
8410,Empate,3486,863,4061
8411,Vitoria,3487,863,4061
8412,Empate,3487,863,4062
8413,Vitoria,3488,863,4062
8414,Empate,3488,863,4063
8415,Vitoria,3489,863,4063
8416,Empate,3489,863,4064
8417,Vitoria,3490,863,4064
8418,Empate,3490,863,4065
8419,Vitoria,3491,863,4065
8420,Empate,3491,863,4066
8421,Vitoria,3492,863,4066
8422,Empate,3492,863,4067
8423,Vitoria,3493,863,4067
8424,Empate,3493,863,4068
8425,Empate,3493,863,4069
8426,Empate,3493,863,4070
8427,Vitoria,3494,863,4070
8428,Empate,3494,863,4071
8429,Vitoria,3495,863,4071
8430,Empate,3495,863,4072
8431,Derrota,3495,864,4072
8432,Empate,3495,864,4073
8433,Vitoria,3496,864,4073
8434,Empate,3496,864,4074
8435,Vitoria,3497,864,4074
8436,Derrota,3497,865,4074
8437,Vitoria,3498,865,4074
8438,Empate,3498,865,4075
8439,Derrota,3498,866,4075
8440,Empate,3498,866,4076
8441,Empate,3498,866,4077
8442,Empate,3498,866,4078
8443,Vitoria,3499,866,4078
8444,Empate,3499,866,4079
8445,Vitoria,3500,866,4079
8446,Empate,3500,866,4080
8447,Vitoria,3501,866,4080
8448,Empate,3501,866,4081
8449,Vitoria,3502,866,4081
8450,Empate,3502,866,4082
8451,Vitoria,3503,866,4082
8452,Empate,3503,866,4083
8453,Vitoria,3504,866,4083
8454,Derrota,3504,867,4083
8455,Vitoria,3505,867,4083
8456,Empate,3505,867,4084
8457,Derrota,3505,868,4084
8458,Empate,3505,868,4085
8459,Vitoria,3506,868,4085
8460,Empate,3506,868,4086
8461,Empate,3506,868,4087
8462,Empate,3506,868,4088
8463,Vitoria,3507,868,4088
8464,Empate,3507,868,4089
8465,Vitoria,3508,868,4089
8466,Empate,3508,868,4090
8467,Vitoria,3509,868,4090
8468,Empate,3509,868,4091
8469,Vitoria,3510,868,4091
8470,Empate,3510,868,4092
8471,Vitoria,3511,868,4092
8472,Derrota,3511,869,4092
8473,Vitoria,3512,869,4092
8474,Empate,3512,869,4093
8475,Vitoria,3513,869,4093
8476,Derrota,3513,870,4093
8477,Vitoria,3514,870,4093
8478,Empate,3514,870,4094
8479,Vitoria,3515,870,4094
8480,Empate,3515,870,4095
8481,Empate,3515,870,4096
8482,Empate,3515,870,4097
8483,Vitoria,3516,870,4097
8484,Empate,3516,870,4098
8485,Empate,3516,870,4099
8486,Empate,3516,870,4100
8487,Vitoria,3517,870,4100
8488,Empate,3517,870,4101
8489,Vitoria,3518,870,4101
8490,Empate,3518,870,4102
8491,Vitoria,3519,870,4102
8492,Empate,3519,870,4103
8493,Vitoria,3520,870,4103
8494,Empate,3520,870,4104
8495,Empate,3520,870,4105
8496,Empate,3520,870,4106
8497,Vitoria,3521,870,4106
8498,Empate,3521,870,4107
8499,Vitoria,3522,870,4107
8500,Empate,3522,870,4108
8501,Vitoria,3523,870,4108
8502,Empate,3523,870,4109
8503,Empate,3523,870,4110
8504,Empate,3523,870,4111
8505,Derrota,3523,871,4111
8506,Empate,3523,871,4112
8507,Vitoria,3524,871,4112
8508,Empate,3524,871,4113
8509,Vitoria,3525,871,4113
8510,Empate,3525,871,4114
8511,Vitoria,3526,871,4114
8512,Empate,3526,871,4115
8513,Vitoria,3527,871,4115
8514,Empate,3527,871,4116
8515,Vitoria,3528,871,4116
8516,Empate,3528,871,4117
8517,Vitoria,3529,871,4117
8518,Empate,3529,871,4118
8519,Vitoria,3530,871,4118
8520,Empate,3530,871,4119
8521,Vitoria,3531,871,4119
8522,Empate,3531,871,4120
8523,Vitoria,3532,871,4120
8524,Empate,3532,871,4121
8525,Vitoria,3533,871,4121
8526,Empate,3533,871,4122
8527,Vitoria,3534,871,4122
8528,Empate,3534,871,4123
8529,Empate,3534,871,4124
8530,Empate,3534,871,4125
8531,Vitoria,3535,871,4125
8532,Empate,3535,871,4126
8533,Vitoria,3536,871,4126
8534,Derrota,3536,872,4126
8535,Vitoria,3537,872,4126
8536,Empate,3537,872,4127
8537,Vitoria,3538,872,4127
8538,Empate,3538,872,4128
8539,Vitoria,3539,872,4128
8540,Empate,3539,872,4129
8541,Vitoria,3540,872,4129
8542,Empate,3540,872,4130
8543,Vitoria,3541,872,4130
8544,Derrota,3541,873,4130
8545,Vitoria,3542,873,4130
8546,Empate,3542,873,4131
8547,Vitoria,3543,873,4131
8548,Empate,3543,873,4132
8549,Vitoria,3544,873,4132
8550,Empate,3544,873,4133
8551,Vitoria,3545,873,4133
8552,Empate,3545,873,4134
8553,Vitoria,3546,873,4134
8554,Empate,3546,873,4135
8555,Vitoria,3547,873,4135
8556,Empate,3547,873,4136
8557,Vitoria,3548,873,4136
8558,Empate,3548,873,4137
8559,Vitoria,3549,873,4137
8560,Empate,3549,873,4138
8561,Vitoria,3550,873,4138
8562,Empate,3550,873,4139
8563,Vitoria,3551,873,4139
8564,Derrota,3551,874,4139
8565,Derrota,3551,875,4139
8566,Empate,3551,875,4140
8567,Empate,3551,875,4141
8568,Empate,3551,875,4142
8569,Vitoria,3552,875,4142
8570,Empate,3552,875,4143
8571,Vitoria,3553,875,4143
8572,Derrota,3553,876,4143
8573,Vitoria,3554,876,4143
8574,Empate,3554,876,4144
8575,Vitoria,3555,876,4144
8576,Empate,3555,876,4145
8577,Vitoria,3556,876,4145
8578,Empate,3556,876,4146
8579,Vitoria,3557,876,4146
8580,Empate,3557,876,4147
8581,Vitoria,3558,876,4147
8582,Empate,3558,876,4148
8583,Vitoria,3559,876,4148
8584,Empate,3559,876,4149
8585,Derrota,3559,877,4149
8586,Empate,3559,877,4150
8587,Vitoria,3560,877,4150
8588,Empate,3560,877,4151
8589,Vitoria,3561,877,4151
8590,Empate,3561,877,4152
8591,Vitoria,3562,877,4152
8592,Empate,3562,877,4153
8593,Vitoria,3563,877,4153
8594,Empate,3563,877,4154
8595,Vitoria,3564,877,4154
8596,Empate,3564,877,4155
8597,Vitoria,3565,877,4155
8598,Empate,3565,877,4156
8599,Vitoria,3566,877,4156
8600,Empate,3566,877,4157
8601,Vitoria,3567,877,4157
8602,Empate,3567,877,4158
8603,Vitoria,3568,877,4158
8604,Empate,3568,877,4159
8605,Vitoria,3569,877,4159
8606,Empate,3569,877,4160
8607,Vitoria,3570,877,4160
8608,Empate,3570,877,4161
8609,Vitoria,3571,877,4161
8610,Empate,3571,877,4162
8611,Vitoria,3572,877,4162
8612,Empate,3572,877,4163
8613,Empate,3572,877,4164
8614,Empate,3572,877,4165
8615,Vitoria,3573,877,4165
8616,Empate,3573,877,4166
8617,Vitoria,3574,877,4166
8618,Empate,3574,877,4167
8619,Vitoria,3575,877,4167
8620,Empate,3575,877,4168
8621,Derrota,3575,878,4168
8622,Empate,3575,878,4169
8623,Vitoria,3576,878,4169
8624,Empate,3576,878,4170
8625,Vitoria,3577,878,4170
8626,Empate,3577,878,4171
8627,Vitoria,3578,878,4171
8628,Empate,3578,878,4172
8629,Vitoria,3579,878,4172
8630,Empate,3579,878,4173
8631,Vitoria,3580,878,4173
8632,Empate,3580,878,4174
8633,Vitoria,3581,878,4174
8634,Empate,3581,878,4175
8635,Vitoria,3582,878,4175
8636,Empate,3582,878,4176
8637,Vitoria,3583,878,4176
8638,Derrota,3583,879,4176
8639,Vitoria,3584,879,4176
8640,Empate,3584,879,4177
8641,Empate,3584,879,4178
8642,Empate,3584,879,4179
8643,Derrota,3584,880,4179
8644,Empate,3584,880,4180
8645,Vitoria,3585,880,4180
8646,Empate,3585,880,4181
8647,Vitoria,3586,880,4181
8648,Empate,3586,880,4182
8649,Vitoria,3587,880,4182
8650,Empate,3587,880,4183
8651,Empate,3587,880,4184
8652,Empate,3587,880,4185
8653,Vitoria,3588,880,4185
8654,Empate,3588,880,4186
8655,Vitoria,3589,880,4186
8656,Empate,3589,880,4187
8657,Vitoria,3590,880,4187
8658,Empate,3590,880,4188
8659,Vitoria,3591,880,4188
8660,Empate,3591,880,4189
8661,Vitoria,3592,880,4189
8662,Empate,3592,880,4190
8663,Vitoria,3593,880,4190
8664,Empate,3593,880,4191
8665,Vitoria,3594,880,4191
8666,Empate,3594,880,4192
8667,Vitoria,3595,880,4192
8668,Derrota,3595,881,4192
8669,Vitoria,3596,881,4192
8670,Empate,3596,881,4193
8671,Vitoria,3597,881,4193
8672,Empate,3597,881,4194
8673,Vitoria,3598,881,4194
8674,Derrota,3598,882,4194
8675,Vitoria,3599,882,4194
8676,Empate,3599,882,4195
8677,Vitoria,3600,882,4195
8678,Empate,3600,882,4196
8679,Vitoria,3601,882,4196
8680,Empate,3601,882,4197
8681,Vitoria,3602,882,4197
8682,Empate,3602,882,4198
8683,Vitoria,3603,882,4198
8684,Empate,3603,882,4199
8685,Derrota,3603,883,4199
8686,Empate,3603,883,4200
8687,Vitoria,3604,883,4200
8688,Empate,3604,883,4201
8689,Vitoria,3605,883,4201
8690,Empate,3605,883,4202
8691,Vitoria,3606,883,4202
8692,Empate,3606,883,4203
8693,Vitoria,3607,883,4203
8694,Empate,3607,883,4204
8695,Vitoria,3608,883,4204
8696,Empate,3608,883,4205
8697,Vitoria,3609,883,4205
8698,Empate,3609,883,4206
8699,Vitoria,3610,883,4206
8700,Empate,3610,883,4207
8701,Vitoria,3611,883,4207
8702,Empate,3611,883,4208
8703,Derrota,3611,884,4208
8704,Empate,3611,884,4209
8705,Vitoria,3612,884,4209
8706,Empate,3612,884,4210
8707,Vitoria,3613,884,4210
8708,Derrota,3613,885,4210
8709,Vitoria,3614,885,4210
8710,Empate,3614,885,4211
8711,Vitoria,3615,885,4211
8712,Empate,3615,885,4212
8713,Vitoria,3616,885,4212
8714,Empate,3616,885,4213
8715,Vitoria,3617,885,4213
8716,Empate,3617,885,4214
8717,Vitoria,3618,885,4214
8718,Empate,3618,885,4215
8719,Vitoria,3619,885,4215
8720,Empate,3619,885,4216
8721,Vitoria,3620,885,4216
8722,Empate,3620,885,4217
8723,Vitoria,3621,885,4217
8724,Empate,3621,885,4218
8725,Vitoria,3622,885,4218
8726,Empate,3622,885,4219
8727,Empate,3622,885,4220
8728,Empate,3622,885,4221
8729,Vitoria,3623,885,4221
8730,Empate,3623,885,4222
8731,Vitoria,3624,885,4222
8732,Empate,3624,885,4223
8733,Vitoria,3625,885,4223
8734,Empate,3625,885,4224
8735,Vitoria,3626,885,4224
8736,Empate,3626,885,4225
8737,Vitoria,3627,885,4225
8738,Empate,3627,885,4226
8739,Vitoria,3628,885,4226
8740,Derrota,3628,886,4226
8741,Vitoria,3629,886,4226
8742,Empate,3629,886,4227
8743,Vitoria,3630,886,4227
8744,Empate,3630,886,4228
8745,Vitoria,3631,886,4228
8746,Empate,3631,886,4229
8747,Vitoria,3632,886,4229
8748,Empate,3632,886,4230
8749,Derrota,3632,887,4230
8750,Derrota,3632,888,4230
8751,Vitoria,3633,888,4230
8752,Empate,3633,888,4231
8753,Vitoria,3634,888,4231
8754,Empate,3634,888,4232
8755,Vitoria,3635,888,4232
8756,Empate,3635,888,4233
8757,Vitoria,3636,888,4233
8758,Empate,3636,888,4234
8759,Vitoria,3637,888,4234
8760,Empate,3637,888,4235
8761,Vitoria,3638,888,4235
8762,Empate,3638,888,4236
8763,Vitoria,3639,888,4236
8764,Derrota,3639,889,4236
8765,Vitoria,3640,889,4236
8766,Empate,3640,889,4237
8767,Vitoria,3641,889,4237
8768,Empate,3641,889,4238
8769,Vitoria,3642,889,4238
8770,Empate,3642,889,4239
8771,Vitoria,3643,889,4239
8772,Empate,3643,889,4240
8773,Vitoria,3644,889,4240
8774,Empate,3644,889,4241
8775,Empate,3644,889,4242
8776,Derrota,3644,890,4242
8777,Vitoria,3645,890,4242
8778,Empate,3645,890,4243
8779,Vitoria,3646,890,4243
8780,Empate,3646,890,4244
8781,Vitoria,3647,890,4244
8782,Derrota,3647,891,4244
8783,Vitoria,3648,891,4244
8784,Empate,3648,891,4245
8785,Vitoria,3649,891,4245
8786,Empate,3649,891,4246
8787,Vitoria,3650,891,4246
8788,Empate,3650,891,4247
8789,Vitoria,3651,891,4247
8790,Empate,3651,891,4248
8791,Vitoria,3652,891,4248
8792,Derrota,3652,892,4248
8793,Vitoria,3653,892,4248
8794,Empate,3653,892,4249
8795,Vitoria,3654,892,4249
8796,Empate,3654,892,4250
8797,Vitoria,3655,892,4250
8798,Empate,3655,892,4251
8799,Vitoria,3656,892,4251
8800,Empate,3656,892,4252
8801,Vitoria,3657,892,4252
8802,Empate,3657,892,4253
8803,Vitoria,3658,892,4253
8804,Empate,3658,892,4254
8805,Empate,3658,892,4255
8806,Empate,3658,892,4256
8807,Vitoria,3659,892,4256
8808,Empate,3659,892,4257
8809,Vitoria,3660,892,4257
8810,Empate,3660,892,4258
8811,Vitoria,3661,892,4258
8812,Empate,3661,892,4259
8813,Vitoria,3662,892,4259
8814,Derrota,3662,893,4259
8815,Vitoria,3663,893,4259
8816,Empate,3663,893,4260
8817,Vitoria,3664,893,4260
8818,Empate,3664,893,4261
8819,Derrota,3664,894,4261
8820,Empate,3664,894,4262
8821,Vitoria,3665,894,4262
8822,Empate,3665,894,4263
8823,Vitoria,3666,894,4263
8824,Empate,3666,894,4264
8825,Vitoria,3667,894,4264
8826,Empate,3667,894,4265
8827,Vitoria,3668,894,4265
8828,Empate,3668,894,4266
8829,Vitoria,3669,894,4266
8830,Empate,3669,894,4267
8831,Vitoria,3670,894,4267
8832,Empate,3670,894,4268
8833,Vitoria,3671,894,4268
8834,Empate,3671,894,4269
8835,Vitoria,3672,894,4269
8836,Empate,3672,894,4270
8837,Vitoria,3673,894,4270
8838,Empate,3673,894,4271
8839,Vitoria,3674,894,4271
8840,Empate,3674,894,4272
8841,Vitoria,3675,894,4272
8842,Empate,3675,894,4273
8843,Empate,3675,894,4274
8844,Empate,3675,894,4275
8845,Vitoria,3676,894,4275
8846,Derrota,3676,895,4275
8847,Vitoria,3677,895,4275
8848,Empate,3677,895,4276
8849,Vitoria,3678,895,4276
8850,Empate,3678,895,4277
8851,Vitoria,3679,895,4277
8852,Empate,3679,895,4278
8853,Vitoria,3680,895,4278
8854,Empate,3680,895,4279
8855,Vitoria,3681,895,4279
8856,Empate,3681,895,4280
8857,Vitoria,3682,895,4280
8858,Empate,3682,895,4281
8859,Vitoria,3683,895,4281
8860,Empate,3683,895,4282
8861,Vitoria,3684,895,4282
8862,Empate,3684,895,4283
8863,Vitoria,3685,895,4283
8864,Empate,3685,895,4284
8865,Vitoria,3686,895,4284
8866,Empate,3686,895,4285
8867,Vitoria,3687,895,4285
8868,Empate,3687,895,4286
8869,Vitoria,3688,895,4286
8870,Derrota,3688,896,4286
8871,Vitoria,3689,896,4286
8872,Empate,3689,896,4287
8873,Vitoria,3690,896,4287
8874,Derrota,3690,897,4287
8875,Vitoria,3691,897,4287
8876,Empate,3691,897,4288
8877,Derrota,3691,898,4288
8878,Empate,3691,898,4289
8879,Vitoria,3692,898,4289
8880,Empate,3692,898,4290
8881,Vitoria,3693,898,4290
8882,Empate,3693,898,4291
8883,Vitoria,3694,898,4291
8884,Empate,3694,898,4292
8885,Empate,3694,898,4293
8886,Empate,3694,898,4294
8887,Vitoria,3695,898,4294
8888,Empate,3695,898,4295
8889,Vitoria,3696,898,4295
8890,Derrota,3696,899,4295
8891,Vitoria,3697,899,4295
8892,Empate,3697,899,4296
8893,Vitoria,3698,899,4296
8894,Empate,3698,899,4297
8895,Vitoria,3699,899,4297
8896,Empate,3699,899,4298
8897,Vitoria,3700,899,4298
8898,Empate,3700,899,4299
8899,Vitoria,3701,899,4299
8900,Empate,3701,899,4300
8901,Vitoria,3702,899,4300
8902,Empate,3702,899,4301
8903,Vitoria,3703,899,4301
8904,Empate,3703,899,4302
8905,Empate,3703,899,4303
8906,Empate,3703,899,4304
8907,Empate,3703,899,4305
8908,Empate,3703,899,4306
8909,Vitoria,3704,899,4306
8910,Empate,3704,899,4307
8911,Vitoria,3705,899,4307
8912,Empate,3705,899,4308
8913,Vitoria,3706,899,4308
8914,Empate,3706,899,4309
8915,Empate,3706,899,4310
8916,Empate,3706,899,4311
8917,Vitoria,3707,899,4311
8918,Empate,3707,899,4312
8919,Vitoria,3708,899,4312
8920,Empate,3708,899,4313
8921,Vitoria,3709,899,4313
8922,Empate,3709,899,4314
8923,Vitoria,3710,899,4314
8924,Empate,3710,899,4315
8925,Vitoria,3711,899,4315
8926,Empate,3711,899,4316
8927,Empate,3711,899,4317
8928,Empate,3711,899,4318
8929,Vitoria,3712,899,4318
8930,Empate,3712,899,4319
8931,Vitoria,3713,899,4319
8932,Empate,3713,899,4320
8933,Vitoria,3714,899,4320
8934,Empate,3714,899,4321
8935,Vitoria,3715,899,4321
8936,Empate,3715,899,4322
8937,Vitoria,3716,899,4322
8938,Empate,3716,899,4323
8939,Empate,3716,899,4324
8940,Empate,3716,899,4325
8941,Derrota,3716,900,4325
8942,Empate,3716,900,4326
8943,Vitoria,3717,900,4326
8944,Empate,3717,900,4327
8945,Vitoria,3718,900,4327
8946,Empate,3718,900,4328
8947,Vitoria,3719,900,4328
8948,Empate,3719,900,4329
8949,Derrota,3719,901,4329
8950,Empate,3719,901,4330
8951,Vitoria,3720,901,4330
8952,Empate,3720,901,4331
8953,Vitoria,3721,901,4331
8954,Empate,3721,901,4332
8955,Vitoria,3722,901,4332
8956,Empate,3722,901,4333
8957,Vitoria,3723,901,4333
8958,Empate,3723,901,4334
8959,Vitoria,3724,901,4334
8960,Empate,3724,901,4335
8961,Vitoria,3725,901,4335
8962,Empate,3725,901,4336
8963,Vitoria,3726,901,4336
8964,Empate,3726,901,4337
8965,Vitoria,3727,901,4337
8966,Empate,3727,901,4338
8967,Vitoria,3728,901,4338
8968,Empate,3728,901,4339
8969,Vitoria,3729,901,4339
8970,Empate,3729,901,4340
8971,Vitoria,3730,901,4340
8972,Empate,3730,901,4341
8973,Vitoria,3731,901,4341
8974,Empate,3731,901,4342
8975,Vitoria,3732,901,4342
8976,Empate,3732,901,4343
8977,Vitoria,3733,901,4343
8978,Empate,3733,901,4344
8979,Vitoria,3734,901,4344
8980,Empate,3734,901,4345
8981,Vitoria,3735,901,4345
8982,Empate,3735,901,4346
8983,Vitoria,3736,901,4346
8984,Empate,3736,901,4347
8985,Vitoria,3737,901,4347
8986,Empate,3737,901,4348
8987,Vitoria,3738,901,4348
8988,Empate,3738,901,4349
8989,Vitoria,3739,901,4349
8990,Derrota,3739,902,4349
8991,Vitoria,3740,902,4349
8992,Empate,3740,902,4350
8993,Vitoria,3741,902,4350
8994,Empate,3741,902,4351
8995,Vitoria,3742,902,4351
8996,Empate,3742,902,4352
8997,Empate,3742,902,4353
8998,Empate,3742,902,4354
8999,Vitoria,3743,902,4354
9000,Empate,3743,902,4355
9001,Vitoria,3744,902,4355
9002,Empate,3744,902,4356
9003,Vitoria,3745,902,4356
9004,Empate,3745,902,4357
9005,Vitoria,3746,902,4357
9006,Empate,3746,902,4358
9007,Derrota,3746,903,4358
9008,Empate,3746,903,4359
9009,Vitoria,3747,903,4359
9010,Empate,3747,903,4360
9011,Vitoria,3748,903,4360
9012,Empate,3748,903,4361
9013,Vitoria,3749,903,4361
9014,Empate,3749,903,4362
9015,Vitoria,3750,903,4362
9016,Empate,3750,903,4363
9017,Vitoria,3751,903,4363
9018,Empate,3751,903,4364
9019,Vitoria,3752,903,4364
9020,Empate,3752,903,4365
9021,Empate,3752,903,4366
9022,Empate,3752,903,4367
9023,Vitoria,3753,903,4367
9024,Empate,3753,903,4368
9025,Vitoria,3754,903,4368
9026,Empate,3754,903,4369
9027,Vitoria,3755,903,4369
9028,Empate,3755,903,4370
9029,Vitoria,3756,903,4370
9030,Empate,3756,903,4371
9031,Vitoria,3757,903,4371
9032,Derrota,3757,904,4371
9033,Vitoria,3758,904,4371
9034,Empate,3758,904,4372
9035,Derrota,3758,905,4372
9036,Empate,3758,905,4373
9037,Vitoria,3759,905,4373
9038,Empate,3759,905,4374
9039,Vitoria,3760,905,4374
9040,Empate,3760,905,4375
9041,Vitoria,3761,905,4375
9042,Empate,3761,905,4376
9043,Vitoria,3762,905,4376
9044,Empate,3762,905,4377
9045,Empate,3762,905,4378
9046,Empate,3762,905,4379
9047,Empate,3762,905,4380
9048,Empate,3762,905,4381
9049,Vitoria,3763,905,4381
9050,Empate,3763,905,4382
9051,Vitoria,3764,905,4382
9052,Empate,3764,905,4383
9053,Derrota,3764,906,4383
9054,Empate,3764,906,4384
9055,Vitoria,3765,906,4384
9056,Derrota,3765,907,4384
9057,Vitoria,3766,907,4384
9058,Empate,3766,907,4385
9059,Vitoria,3767,907,4385
9060,Empate,3767,907,4386
9061,Vitoria,3768,907,4386
9062,Empate,3768,907,4387
9063,Vitoria,3769,907,4387
9064,Empate,3769,907,4388
9065,Vitoria,3770,907,4388
9066,Empate,3770,907,4389
9067,Vitoria,3771,907,4389
9068,Empate,3771,907,4390
9069,Vitoria,3772,907,4390
9070,Empate,3772,907,4391
9071,Vitoria,3773,907,4391
9072,Empate,3773,907,4392
9073,Derrota,3773,908,4392
9074,Empate,3773,908,4393
9075,Vitoria,3774,908,4393
9076,Derrota,3774,909,4393
9077,Vitoria,3775,909,4393
9078,Empate,3775,909,4394
9079,Vitoria,3776,909,4394
9080,Empate,3776,909,4395
9081,Derrota,3776,910,4395
9082,Empate,3776,910,4396
9083,Vitoria,3777,910,4396
9084,Empate,3777,910,4397
9085,Vitoria,3778,910,4397
9086,Empate,3778,910,4398
9087,Derrota,3778,911,4398
9088,Empate,3778,911,4399
9089,Vitoria,3779,911,4399
9090,Empate,3779,911,4400
9091,Vitoria,3780,911,4400
9092,Empate,3780,911,4401
9093,Vitoria,3781,911,4401
9094,Empate,3781,911,4402
9095,Vitoria,3782,911,4402
9096,Empate,3782,911,4403
9097,Derrota,3782,912,4403
9098,Empate,3782,912,4404
9099,Vitoria,3783,912,4404
9100,Empate,3783,912,4405
9101,Vitoria,3784,912,4405
9102,Empate,3784,912,4406
9103,Vitoria,3785,912,4406
9104,Empate,3785,912,4407
9105,Derrota,3785,913,4407
9106,Empate,3785,913,4408
9107,Vitoria,3786,913,4408
9108,Empate,3786,913,4409
9109,Vitoria,3787,913,4409
9110,Empate,3787,913,4410
9111,Vitoria,3788,913,4410
9112,Empate,3788,913,4411
9113,Vitoria,3789,913,4411
9114,Empate,3789,913,4412
9115,Vitoria,3790,913,4412
9116,Empate,3790,913,4413
9117,Vitoria,3791,913,4413
9118,Empate,3791,913,4414
9119,Vitoria,3792,913,4414
9120,Empate,3792,913,4415
9121,Vitoria,3793,913,4415
9122,Empate,3793,913,4416
9123,Vitoria,3794,913,4416
9124,Empate,3794,913,4417
9125,Vitoria,3795,913,4417
9126,Empate,3795,913,4418
9127,Vitoria,3796,913,4418
9128,Empate,3796,913,4419
9129,Vitoria,3797,913,4419
9130,Empate,3797,913,4420
9131,Vitoria,3798,913,4420
9132,Derrota,3798,914,4420
9133,Vitoria,3799,914,4420
9134,Empate,3799,914,4421
9135,Vitoria,3800,914,4421
9136,Empate,3800,914,4422
9137,Vitoria,3801,914,4422
9138,Empate,3801,914,4423
9139,Vitoria,3802,914,4423
9140,Derrota,3802,915,4423
9141,Vitoria,3803,915,4423
9142,Empate,3803,915,4424
9143,Derrota,3803,916,4424
9144,Empate,3803,916,4425
9145,Empate,3803,916,4426
9146,Empate,3803,916,4427
9147,Empate,3803,916,4428
9148,Empate,3803,916,4429
9149,Vitoria,3804,916,4429
9150,Empate,3804,916,4430
9151,Vitoria,3805,916,4430
9152,Empate,3805,916,4431
9153,Vitoria,3806,916,4431
9154,Empate,3806,916,4432
9155,Vitoria,3807,916,4432
9156,Empate,3807,916,4433
9157,Vitoria,3808,916,4433
9158,Empate,3808,916,4434
9159,Vitoria,3809,916,4434
9160,Empate,3809,916,4435
9161,Vitoria,3810,916,4435
9162,Empate,3810,916,4436
9163,Vitoria,3811,916,4436
9164,Empate,3811,916,4437
9165,Vitoria,3812,916,4437
9166,Empate,3812,916,4438
9167,Derrota,3812,917,4438
9168,Empate,3812,917,4439
9169,Vitoria,3813,917,4439
9170,Empate,3813,917,4440
9171,Vitoria,3814,917,4440
9172,Empate,3814,917,4441
9173,Empate,3814,917,4442
9174,Empate,3814,917,4443
9175,Vitoria,3815,917,4443
9176,Empate,3815,917,4444
9177,Vitoria,3816,917,4444
9178,Empate,3816,917,4445
9179,Vitoria,3817,917,4445
9180,Derrota,3817,918,4445
9181,Vitoria,3818,918,4445
9182,Derrota,3818,919,4445
9183,Vitoria,3819,919,4445
9184,Empate,3819,919,4446
9185,Vitoria,3820,919,4446
9186,Empate,3820,919,4447
9187,Vitoria,3821,919,4447
9188,Derrota,3821,920,4447
9189,Vitoria,3822,920,4447
9190,Empate,3822,920,4448
9191,Vitoria,3823,920,4448
9192,Empate,3823,920,4449
9193,Vitoria,3824,920,4449
9194,Empate,3824,920,4450
9195,Vitoria,3825,920,4450
9196,Derrota,3825,921,4450
9197,Vitoria,3826,921,4450
9198,Derrota,3826,922,4450
9199,Derrota,3826,923,4450
9200,Derrota,3826,924,4450
9201,Vitoria,3827,924,4450
9202,Empate,3827,924,4451
9203,Vitoria,3828,924,4451
9204,Empate,3828,924,4452
9205,Vitoria,3829,924,4452
9206,Empate,3829,924,4453
9207,Empate,3829,924,4454
9208,Empate,3829,924,4455
9209,Vitoria,3830,924,4455
9210,Derrota,3830,925,4455
9211,Derrota,3830,926,4455
9212,Empate,3830,926,4456
9213,Vitoria,3831,926,4456
9214,Empate,3831,926,4457
9215,Derrota,3831,927,4457
9216,Empate,3831,927,4458
9217,Vitoria,3832,927,4458
9218,Empate,3832,927,4459
9219,Vitoria,3833,927,4459
9220,Empate,3833,927,4460
9221,Vitoria,3834,927,4460
9222,Empate,3834,927,4461
9223,Vitoria,3835,927,4461
9224,Empate,3835,927,4462
9225,Vitoria,3836,927,4462
9226,Empate,3836,927,4463
9227,Vitoria,3837,927,4463
9228,Empate,3837,927,4464
9229,Vitoria,3838,927,4464
9230,Empate,3838,927,4465
9231,Vitoria,3839,927,4465
9232,Empate,3839,927,4466
9233,Vitoria,3840,927,4466
9234,Empate,3840,927,4467
9235,Vitoria,3841,927,4467
9236,Derrota,3841,928,4467
9237,Vitoria,3842,928,4467
9238,Empate,3842,928,4468
9239,Vitoria,3843,928,4468
9240,Derrota,3843,929,4468
9241,Vitoria,3844,929,4468
9242,Empate,3844,929,4469
9243,Vitoria,3845,929,4469
9244,Empate,3845,929,4470
9245,Vitoria,3846,929,4470
9246,Empate,3846,929,4471
9247,Vitoria,3847,929,4471
9248,Derrota,3847,930,4471
9249,Vitoria,3848,930,4471
9250,Empate,3848,930,4472
9251,Vitoria,3849,930,4472
9252,Empate,3849,930,4473
9253,Vitoria,3850,930,4473
9254,Empate,3850,930,4474
9255,Vitoria,3851,930,4474
9256,Empate,3851,930,4475
9257,Vitoria,3852,930,4475
9258,Empate,3852,930,4476
9259,Vitoria,3853,930,4476
9260,Empate,3853,930,4477
9261,Empate,3853,930,4478
9262,Empate,3853,930,4479
9263,Vitoria,3854,930,4479
9264,Empate,3854,930,4480
9265,Vitoria,3855,930,4480
9266,Empate,3855,930,4481
9267,Vitoria,3856,930,4481
9268,Empate,3856,930,4482
9269,Vitoria,3857,930,4482
9270,Empate,3857,930,4483
9271,Vitoria,3858,930,4483
9272,Empate,3858,930,4484
9273,Empate,3858,930,4485
9274,Derrota,3858,931,4485
9275,Vitoria,3859,931,4485
9276,Empate,3859,931,4486
9277,Derrota,3859,932,4486
9278,Empate,3859,932,4487
9279,Vitoria,3860,932,4487
9280,Empate,3860,932,4488
9281,Vitoria,3861,932,4488
9282,Empate,3861,932,4489
9283,Vitoria,3862,932,4489
9284,Empate,3862,932,4490
9285,Vitoria,3863,932,4490
9286,Derrota,3863,933,4490
9287,Vitoria,3864,933,4490
9288,Empate,3864,933,4491
9289,Vitoria,3865,933,4491
9290,Empate,3865,933,4492
9291,Vitoria,3866,933,4492
9292,Empate,3866,933,4493
9293,Vitoria,3867,933,4493
9294,Derrota,3867,934,4493
9295,Vitoria,3868,934,4493
9296,Empate,3868,934,4494
9297,Vitoria,3869,934,4494
9298,Empate,3869,934,4495
9299,Vitoria,3870,934,4495
9300,Empate,3870,934,4496
9301,Vitoria,3871,934,4496
9302,Empate,3871,934,4497
9303,Vitoria,3872,934,4497
9304,Empate,3872,934,4498
9305,Vitoria,3873,934,4498
9306,Empate,3873,934,4499
9307,Derrota,3873,935,4499
9308,Empate,3873,935,4500
9309,Vitoria,3874,935,4500
9310,Empate,3874,935,4501
9311,Vitoria,3875,935,4501
9312,Empate,3875,935,4502
9313,Vitoria,3876,935,4502
9314,Empate,3876,935,4503
9315,Vitoria,3877,935,4503
9316,Empate,3877,935,4504
9317,Vitoria,3878,935,4504
9318,Empate,3878,935,4505
9319,Vitoria,3879,935,4505
9320,Empate,3879,935,4506
9321,Vitoria,3880,935,4506
9322,Empate,3880,935,4507
9323,Vitoria,3881,935,4507
9324,Empate,3881,935,4508
9325,Vitoria,3882,935,4508
9326,Empate,3882,935,4509
9327,Vitoria,3883,935,4509
9328,Empate,3883,935,4510
9329,Vitoria,3884,935,4510
9330,Empate,3884,935,4511
9331,Vitoria,3885,935,4511
9332,Empate,3885,935,4512
9333,Vitoria,3886,935,4512
9334,Empate,3886,935,4513
9335,Derrota,3886,936,4513
9336,Empate,3886,936,4514
9337,Vitoria,3887,936,4514
9338,Empate,3887,936,4515
9339,Vitoria,3888,936,4515
9340,Empate,3888,936,4516
9341,Vitoria,3889,936,4516
9342,Empate,3889,936,4517
9343,Derrota,3889,937,4517
9344,Empate,3889,937,4518
9345,Vitoria,3890,937,4518
9346,Empate,3890,937,4519
9347,Vitoria,3891,937,4519
9348,Empate,3891,937,4520
9349,Vitoria,3892,937,4520
9350,Derrota,3892,938,4520
9351,Vitoria,3893,938,4520
9352,Empate,3893,938,4521
9353,Vitoria,3894,938,4521
9354,Empate,3894,938,4522
9355,Vitoria,3895,938,4522
9356,Empate,3895,938,4523
9357,Vitoria,3896,938,4523
9358,Empate,3896,938,4524
9359,Vitoria,3897,938,4524
9360,Empate,3897,938,4525
9361,Vitoria,3898,938,4525
9362,Empate,3898,938,4526
9363,Vitoria,3899,938,4526
9364,Empate,3899,938,4527
9365,Vitoria,3900,938,4527
9366,Empate,3900,938,4528
9367,Vitoria,3901,938,4528
9368,Empate,3901,938,4529
9369,Vitoria,3902,938,4529
9370,Empate,3902,938,4530
9371,Vitoria,3903,938,4530
9372,Empate,3903,938,4531
9373,Vitoria,3904,938,4531
9374,Empate,3904,938,4532
9375,Vitoria,3905,938,4532
9376,Empate,3905,938,4533
9377,Vitoria,3906,938,4533
9378,Empate,3906,938,4534
9379,Vitoria,3907,938,4534
9380,Empate,3907,938,4535
9381,Vitoria,3908,938,4535
9382,Empate,3908,938,4536
9383,Vitoria,3909,938,4536
9384,Empate,3909,938,4537
9385,Vitoria,3910,938,4537
9386,Derrota,3910,939,4537
9387,Derrota,3910,940,4537
9388,Empate,3910,940,4538
9389,Vitoria,3911,940,4538
9390,Empate,3911,940,4539
9391,Vitoria,3912,940,4539
9392,Empate,3912,940,4540
9393,Vitoria,3913,940,4540
9394,Empate,3913,940,4541
9395,Vitoria,3914,940,4541
9396,Empate,3914,940,4542
9397,Vitoria,3915,940,4542
9398,Empate,3915,940,4543
9399,Vitoria,3916,940,4543
9400,Empate,3916,940,4544
9401,Vitoria,3917,940,4544
9402,Empate,3917,940,4545
9403,Vitoria,3918,940,4545
9404,Empate,3918,940,4546
9405,Derrota,3918,941,4546
9406,Empate,3918,941,4547
9407,Empate,3918,941,4548
9408,Empate,3918,941,4549
9409,Vitoria,3919,941,4549
9410,Derrota,3919,942,4549
9411,Vitoria,3920,942,4549
9412,Empate,3920,942,4550
9413,Derrota,3920,943,4550
9414,Empate,3920,943,4551
9415,Vitoria,3921,943,4551
9416,Empate,3921,943,4552
9417,Vitoria,3922,943,4552
9418,Derrota,3922,944,4552
9419,Vitoria,3923,944,4552
9420,Empate,3923,944,4553
9421,Vitoria,3924,944,4553
9422,Empate,3924,944,4554
9423,Vitoria,3925,944,4554
9424,Empate,3925,944,4555
9425,Vitoria,3926,944,4555
9426,Empate,3926,944,4556
9427,Vitoria,3927,944,4556
9428,Empate,3927,944,4557
9429,Vitoria,3928,944,4557
9430,Empate,3928,944,4558
9431,Vitoria,3929,944,4558
9432,Empate,3929,944,4559
9433,Vitoria,3930,944,4559
9434,Empate,3930,944,4560
9435,Vitoria,3931,944,4560
9436,Empate,3931,944,4561
9437,Vitoria,3932,944,4561
9438,Empate,3932,944,4562
9439,Empate,3932,944,4563
9440,Empate,3932,944,4564
9441,Vitoria,3933,944,4564
9442,Empate,3933,944,4565
9443,Vitoria,3934,944,4565
9444,Empate,3934,944,4566
9445,Vitoria,3935,944,4566
9446,Empate,3935,944,4567
9447,Vitoria,3936,944,4567
9448,Empate,3936,944,4568
9449,Vitoria,3937,944,4568
9450,Derrota,3937,945,4568
9451,Vitoria,3938,945,4568
9452,Empate,3938,945,4569
9453,Vitoria,3939,945,4569
9454,Empate,3939,945,4570
9455,Vitoria,3940,945,4570
9456,Empate,3940,945,4571
9457,Vitoria,3941,945,4571
9458,Empate,3941,945,4572
9459,Vitoria,3942,945,4572
9460,Empate,3942,945,4573
9461,Vitoria,3943,945,4573
9462,Empate,3943,945,4574
9463,Vitoria,3944,945,4574
9464,Empate,3944,945,4575
9465,Vitoria,3945,945,4575
9466,Empate,3945,945,4576
9467,Vitoria,3946,945,4576
9468,Empate,3946,945,4577
9469,Empate,3946,945,4578
9470,Empate,3946,945,4579
9471,Vitoria,3947,945,4579
9472,Empate,3947,945,4580
9473,Vitoria,3948,945,4580
9474,Empate,3948,945,4581
9475,Vitoria,3949,945,4581
9476,Empate,3949,945,4582
9477,Vitoria,3950,945,4582
9478,Empate,3950,945,4583
9479,Vitoria,3951,945,4583
9480,Empate,3951,945,4584
9481,Vitoria,3952,945,4584
9482,Empate,3952,945,4585
9483,Vitoria,3953,945,4585
9484,Empate,3953,945,4586
9485,Vitoria,3954,945,4586
9486,Empate,3954,945,4587
9487,Derrota,3954,946,4587
9488,Empate,3954,946,4588
9489,Vitoria,3955,946,4588
9490,Empate,3955,946,4589
9491,Vitoria,3956,946,4589
9492,Empate,3956,946,4590
9493,Vitoria,3957,946,4590
9494,Empate,3957,946,4591
9495,Vitoria,3958,946,4591
9496,Empate,3958,946,4592
9497,Derrota,3958,947,4592
9498,Empate,3958,947,4593
9499,Vitoria,3959,947,4593
9500,Empate,3959,947,4594
9501,Vitoria,3960,947,4594
9502,Empate,3960,947,4595
9503,Vitoria,3961,947,4595
9504,Empate,3961,947,4596
9505,Empate,3961,947,4597
9506,Empate,3961,947,4598
9507,Vitoria,3962,947,4598
9508,Empate,3962,947,4599
9509,Vitoria,3963,947,4599
9510,Empate,3963,947,4600
9511,Vitoria,3964,947,4600
9512,Empate,3964,947,4601
9513,Vitoria,3965,947,4601
9514,Empate,3965,947,4602
9515,Vitoria,3966,947,4602
9516,Empate,3966,947,4603
9517,Vitoria,3967,947,4603
9518,Empate,3967,947,4604
9519,Vitoria,3968,947,4604
9520,Empate,3968,947,4605
9521,Vitoria,3969,947,4605
9522,Empate,3969,947,4606
9523,Vitoria,3970,947,4606
9524,Empate,3970,947,4607
9525,Vitoria,3971,947,4607
9526,Empate,3971,947,4608
9527,Vitoria,3972,947,4608
9528,Empate,3972,947,4609
9529,Vitoria,3973,947,4609
9530,Empate,3973,947,4610
9531,Vitoria,3974,947,4610
9532,Empate,3974,947,4611
9533,Vitoria,3975,947,4611
9534,Empate,3975,947,4612
9535,Vitoria,3976,947,4612
9536,Empate,3976,947,4613
9537,Vitoria,3977,947,4613
9538,Empate,3977,947,4614
9539,Vitoria,3978,947,4614
9540,Empate,3978,947,4615
9541,Vitoria,3979,947,4615
9542,Empate,3979,947,4616
9543,Empate,3979,947,4617
9544,Empate,3979,947,4618
9545,Vitoria,3980,947,4618
9546,Empate,3980,947,4619
9547,Vitoria,3981,947,4619
9548,Empate,3981,947,4620
9549,Vitoria,3982,947,4620
9550,Empate,3982,947,4621
9551,Vitoria,3983,947,4621
9552,Empate,3983,947,4622
9553,Vitoria,3984,947,4622
9554,Empate,3984,947,4623
9555,Vitoria,3985,947,4623
9556,Empate,3985,947,4624
9557,Vitoria,3986,947,4624
9558,Empate,3986,947,4625
9559,Vitoria,3987,947,4625
9560,Empate,3987,947,4626
9561,Vitoria,3988,947,4626
9562,Empate,3988,947,4627
9563,Vitoria,3989,947,4627
9564,Empate,3989,947,4628
9565,Empate,3989,947,4629
9566,Derrota,3989,948,4629
9567,Vitoria,3990,948,4629
9568,Empate,3990,948,4630
9569,Derrota,3990,949,4630
9570,Empate,3990,949,4631
9571,Vitoria,3991,949,4631
9572,Derrota,3991,950,4631
9573,Vitoria,3992,950,4631
9574,Empate,3992,950,4632
9575,Vitoria,3993,950,4632
9576,Empate,3993,950,4633
9577,Vitoria,3994,950,4633
9578,Empate,3994,950,4634
9579,Vitoria,3995,950,4634
9580,Empate,3995,950,4635
9581,Vitoria,3996,950,4635
9582,Empate,3996,950,4636
9583,Empate,3996,950,4637
9584,Empate,3996,950,4638
9585,Vitoria,3997,950,4638
9586,Empate,3997,950,4639
9587,Vitoria,3998,950,4639
9588,Empate,3998,950,4640
9589,Vitoria,3999,950,4640
9590,Derrota,3999,951,4640
9591,Vitoria,4000,951,4640
9592,Empate,4000,951,4641
9593,Vitoria,4001,951,4641
9594,Empate,4001,951,4642
9595,Vitoria,4002,951,4642
9596,Empate,4002,951,4643
9597,Vitoria,4003,951,4643
9598,Empate,4003,951,4644
9599,Vitoria,4004,951,4644
9600,Empate,4004,951,4645
9601,Vitoria,4005,951,4645
9602,Empate,4005,951,4646
9603,Vitoria,4006,951,4646
9604,Empate,4006,951,4647
9605,Vitoria,4007,951,4647
9606,Empate,4007,951,4648
9607,Vitoria,4008,951,4648
9608,Empate,4008,951,4649
9609,Vitoria,4009,951,4649
9610,Empate,4009,951,4650
9611,Vitoria,4010,951,4650
9612,Empate,4010,951,4651
9613,Vitoria,4011,951,4651
9614,Derrota,4011,952,4651
9615,Vitoria,4012,952,4651
9616,Empate,4012,952,4652
9617,Empate,4012,952,4653
9618,Empate,4012,952,4654
9619,Vitoria,4013,952,4654
9620,Empate,4013,952,4655
9621,Vitoria,4014,952,4655
9622,Empate,4014,952,4656
9623,Empate,4014,952,4657
9624,Empate,4014,952,4658
9625,Empate,4014,952,4659
9626,Derrota,4014,953,4659
9627,Derrota,4014,954,4659
9628,Empate,4014,954,4660
9629,Vitoria,4015,954,4660
9630,Empate,4015,954,4661
9631,Vitoria,4016,954,4661
9632,Empate,4016,954,4662
9633,Vitoria,4017,954,4662
9634,Empate,4017,954,4663
9635,Vitoria,4018,954,4663
9636,Empate,4018,954,4664
9637,Vitoria,4019,954,4664
9638,Derrota,4019,955,4664
9639,Vitoria,4020,955,4664
9640,Derrota,4020,956,4664
9641,Vitoria,4021,956,4664
9642,Empate,4021,956,4665
9643,Vitoria,4022,956,4665
9644,Empate,4022,956,4666
9645,Vitoria,4023,956,4666
9646,Empate,4023,956,4667
9647,Vitoria,4024,956,4667
9648,Empate,4024,956,4668
9649,Vitoria,4025,956,4668
9650,Empate,4025,956,4669
9651,Vitoria,4026,956,4669
9652,Empate,4026,956,4670
9653,Vitoria,4027,956,4670
9654,Derrota,4027,957,4670
9655,Derrota,4027,958,4670
9656,Derrota,4027,959,4670
9657,Vitoria,4028,959,4670
9658,Empate,4028,959,4671
9659,Vitoria,4029,959,4671
9660,Empate,4029,959,4672
9661,Vitoria,4030,959,4672
9662,Empate,4030,959,4673
9663,Vitoria,4031,959,4673
9664,Empate,4031,959,4674
9665,Vitoria,4032,959,4674
9666,Empate,4032,959,4675
9667,Vitoria,4033,959,4675
9668,Derrota,4033,960,4675
9669,Empate,4033,960,4676
9670,Derrota,4033,961,4676
9671,Vitoria,4034,961,4676
9672,Empate,4034,961,4677
9673,Vitoria,4035,961,4677
9674,Empate,4035,961,4678
9675,Vitoria,4036,961,4678
9676,Empate,4036,961,4679
9677,Vitoria,4037,961,4679
9678,Empate,4037,961,4680
9679,Vitoria,4038,961,4680
9680,Empate,4038,961,4681
9681,Vitoria,4039,961,4681
9682,Empate,4039,961,4682
9683,Vitoria,4040,961,4682
9684,Empate,4040,961,4683
9685,Vitoria,4041,961,4683
9686,Empate,4041,961,4684
9687,Vitoria,4042,961,4684
9688,Empate,4042,961,4685
9689,Vitoria,4043,961,4685
9690,Empate,4043,961,4686
9691,Vitoria,4044,961,4686
9692,Empate,4044,961,4687
9693,Vitoria,4045,961,4687
9694,Empate,4045,961,4688
9695,Vitoria,4046,961,4688
9696,Empate,4046,961,4689
9697,Vitoria,4047,961,4689
9698,Derrota,4047,962,4689
9699,Vitoria,4048,962,4689
9700,Derrota,4048,963,4689
9701,Vitoria,4049,963,4689
9702,Empate,4049,963,4690
9703,Vitoria,4050,963,4690
9704,Derrota,4050,964,4690
9705,Vitoria,4051,964,4690
9706,Empate,4051,964,4691
9707,Vitoria,4052,964,4691
9708,Derrota,4052,965,4691
9709,Derrota,4052,966,4691
9710,Empate,4052,966,4692
9711,Vitoria,4053,966,4692
9712,Empate,4053,966,4693
9713,Derrota,4053,967,4693
9714,Empate,4053,967,4694
9715,Vitoria,4054,967,4694
9716,Empate,4054,967,4695
9717,Vitoria,4055,967,4695
9718,Empate,4055,967,4696
9719,Vitoria,4056,967,4696
9720,Empate,4056,967,4697
9721,Vitoria,4057,967,4697
9722,Empate,4057,967,4698
9723,Vitoria,4058,967,4698
9724,Empate,4058,967,4699
9725,Vitoria,4059,967,4699
9726,Empate,4059,967,4700
9727,Vitoria,4060,967,4700
9728,Empate,4060,967,4701
9729,Vitoria,4061,967,4701
9730,Empate,4061,967,4702
9731,Vitoria,4062,967,4702
9732,Derrota,4062,968,4702
9733,Vitoria,4063,968,4702
9734,Empate,4063,968,4703
9735,Vitoria,4064,968,4703
9736,Empate,4064,968,4704
9737,Vitoria,4065,968,4704
9738,Empate,4065,968,4705
9739,Vitoria,4066,968,4705
9740,Empate,4066,968,4706
9741,Vitoria,4067,968,4706
9742,Empate,4067,968,4707
9743,Vitoria,4068,968,4707
9744,Empate,4068,968,4708
9745,Vitoria,4069,968,4708
9746,Empate,4069,968,4709
9747,Vitoria,4070,968,4709
9748,Empate,4070,968,4710
9749,Vitoria,4071,968,4710
9750,Empate,4071,968,4711
9751,Vitoria,4072,968,4711
9752,Empate,4072,968,4712
9753,Vitoria,4073,968,4712
9754,Empate,4073,968,4713
9755,Vitoria,4074,968,4713
9756,Empate,4074,968,4714
9757,Vitoria,4075,968,4714
9758,Empate,4075,968,4715
9759,Vitoria,4076,968,4715
9760,Derrota,4076,969,4715
9761,Vitoria,4077,969,4715
9762,Empate,4077,969,4716
9763,Vitoria,4078,969,4716
9764,Empate,4078,969,4717
9765,Derrota,4078,970,4717
9766,Empate,4078,970,4718
9767,Vitoria,4079,970,4718
9768,Empate,4079,970,4719
9769,Vitoria,4080,970,4719
9770,Empate,4080,970,4720
9771,Vitoria,4081,970,4720
9772,Derrota,4081,971,4720
9773,Empate,4081,971,4721
9774,Empate,4081,971,4722
9775,Vitoria,4082,971,4722
9776,Empate,4082,971,4723
9777,Vitoria,4083,971,4723
9778,Empate,4083,971,4724
9779,Vitoria,4084,971,4724
9780,Empate,4084,971,4725
9781,Vitoria,4085,971,4725
9782,Empate,4085,971,4726
9783,Vitoria,4086,971,4726
9784,Empate,4086,971,4727
9785,Vitoria,4087,971,4727
9786,Derrota,4087,972,4727
9787,Vitoria,4088,972,4727
9788,Empate,4088,972,4728
9789,Vitoria,4089,972,4728
9790,Empate,4089,972,4729
9791,Vitoria,4090,972,4729
9792,Empate,4090,972,4730
9793,Vitoria,4091,972,4730
9794,Empate,4091,972,4731
9795,Vitoria,4092,972,4731
9796,Empate,4092,972,4732
9797,Vitoria,4093,972,4732
9798,Empate,4093,972,4733
9799,Vitoria,4094,972,4733
9800,Empate,4094,972,4734
9801,Vitoria,4095,972,4734
9802,Empate,4095,972,4735
9803,Empate,4095,972,4736
9804,Empate,4095,972,4737
9805,Vitoria,4096,972,4737
9806,Empate,4096,972,4738
9807,Empate,4096,972,4739
9808,Empate,4096,972,4740
9809,Vitoria,4097,972,4740
9810,Empate,4097,972,4741
9811,Vitoria,4098,972,4741
9812,Empate,4098,972,4742
9813,Vitoria,4099,972,4742
9814,Empate,4099,972,4743
9815,Vitoria,4100,972,4743
9816,Derrota,4100,973,4743
9817,Vitoria,4101,973,4743
9818,Empate,4101,973,4744
9819,Vitoria,4102,973,4744
9820,Empate,4102,973,4745
9821,Vitoria,4103,973,4745
9822,Empate,4103,973,4746
9823,Vitoria,4104,973,4746
9824,Derrota,4104,974,4746
9825,Vitoria,4105,974,4746
9826,Empate,4105,974,4747
9827,Vitoria,4106,974,4747
9828,Empate,4106,974,4748
9829,Vitoria,4107,974,4748
9830,Empate,4107,974,4749
9831,Vitoria,4108,974,4749
9832,Empate,4108,974,4750
9833,Vitoria,4109,974,4750
9834,Empate,4109,974,4751
9835,Vitoria,4110,974,4751
9836,Empate,4110,974,4752
9837,Vitoria,4111,974,4752
9838,Empate,4111,974,4753
9839,Vitoria,4112,974,4753
9840,Empate,4112,974,4754
9841,Vitoria,4113,974,4754
9842,Empate,4113,974,4755
9843,Vitoria,4114,974,4755
9844,Empate,4114,974,4756
9845,Vitoria,4115,974,4756
9846,Empate,4115,974,4757
9847,Empate,4115,974,4758
9848,Empate,4115,974,4759
9849,Vitoria,4116,974,4759
9850,Empate,4116,974,4760
9851,Empate,4116,974,4761
9852,Empate,4116,974,4762
9853,Vitoria,4117,974,4762
9854,Empate,4117,974,4763
9855,Derrota,4117,975,4763
9856,Empate,4117,975,4764
9857,Vitoria,4118,975,4764
9858,Empate,4118,975,4765
9859,Vitoria,4119,975,4765
9860,Empate,4119,975,4766
9861,Vitoria,4120,975,4766
9862,Empate,4120,975,4767
9863,Vitoria,4121,975,4767
9864,Empate,4121,975,4768
9865,Vitoria,4122,975,4768
9866,Empate,4122,975,4769
9867,Vitoria,4123,975,4769
9868,Empate,4123,975,4770
9869,Vitoria,4124,975,4770
9870,Empate,4124,975,4771
9871,Vitoria,4125,975,4771
9872,Empate,4125,975,4772
9873,Vitoria,4126,975,4772
9874,Empate,4126,975,4773
9875,Vitoria,4127,975,4773
9876,Empate,4127,975,4774
9877,Vitoria,4128,975,4774
9878,Empate,4128,975,4775
9879,Vitoria,4129,975,4775
9880,Empate,4129,975,4776
9881,Vitoria,4130,975,4776
9882,Empate,4130,975,4777
9883,Derrota,4130,976,4777
9884,Empate,4130,976,4778
9885,Vitoria,4131,976,4778
9886,Empate,4131,976,4779
9887,Vitoria,4132,976,4779
9888,Empate,4132,976,4780
9889,Vitoria,4133,976,4780
9890,Empate,4133,976,4781
9891,Vitoria,4134,976,4781
9892,Empate,4134,976,4782
9893,Vitoria,4135,976,4782
9894,Empate,4135,976,4783
9895,Empate,4135,976,4784
9896,Derrota,4135,977,4784
9897,Vitoria,4136,977,4784
9898,Empate,4136,977,4785
9899,Vitoria,4137,977,4785
9900,Empate,4137,977,4786
9901,Vitoria,4138,977,4786
9902,Empate,4138,977,4787
9903,Vitoria,4139,977,4787
9904,Empate,4139,977,4788
9905,Vitoria,4140,977,4788
9906,Empate,4140,977,4789
9907,Vitoria,4141,977,4789
9908,Empate,4141,977,4790
9909,Vitoria,4142,977,4790
9910,Empate,4142,977,4791
9911,Vitoria,4143,977,4791
9912,Empate,4143,977,4792
9913,Vitoria,4144,977,4792
9914,Empate,4144,977,4793
9915,Vitoria,4145,977,4793
9916,Empate,4145,977,4794
9917,Vitoria,4146,977,4794
9918,Empate,4146,977,4795
9919,Vitoria,4147,977,4795
9920,Derrota,4147,978,4795
9921,Vitoria,4148,978,4795
9922,Empate,4148,978,4796
9923,Empate,4148,978,4797
9924,Derrota,4148,979,4797
9925,Vitoria,4149,979,4797
9926,Empate,4149,979,4798
9927,Vitoria,4150,979,4798
9928,Empate,4150,979,4799
9929,Vitoria,4151,979,4799
9930,Empate,4151,979,4800
9931,Empate,4151,979,4801
9932,Empate,4151,979,4802
9933,Vitoria,4152,979,4802
9934,Empate,4152,979,4803
9935,Vitoria,4153,979,4803
9936,Empate,4153,979,4804
9937,Vitoria,4154,979,4804
9938,Empate,4154,979,4805
9939,Vitoria,4155,979,4805
9940,Empate,4155,979,4806
9941,Vitoria,4156,979,4806
9942,Empate,4156,979,4807
9943,Vitoria,4157,979,4807
9944,Empate,4157,979,4808
9945,Vitoria,4158,979,4808
9946,Empate,4158,979,4809
9947,Vitoria,4159,979,4809
9948,Empate,4159,979,4810
9949,Vitoria,4160,979,4810
9950,Empate,4160,979,4811
9951,Vitoria,4161,979,4811
9952,Empate,4161,979,4812
9953,Vitoria,4162,979,4812
9954,Empate,4162,979,4813
9955,Vitoria,4163,979,4813
9956,Empate,4163,979,4814
9957,Vitoria,4164,979,4814
9958,Empate,4164,979,4815
9959,Vitoria,4165,979,4815
9960,Empate,4165,979,4816
9961,Vitoria,4166,979,4816
9962,Empate,4166,979,4817
9963,Empate,4166,979,4818
9964,Empate,4166,979,4819
9965,Vitoria,4167,979,4819
9966,Derrota,4167,980,4819
9967,Derrota,4167,981,4819
9968,Empate,4167,981,4820
9969,Vitoria,4168,981,4820
9970,Empate,4168,981,4821
9971,Vitoria,4169,981,4821
9972,Empate,4169,981,4822
9973,Vitoria,4170,981,4822
9974,Empate,4170,981,4823
9975,Vitoria,4171,981,4823
9976,Empate,4171,981,4824
9977,Vitoria,4172,981,4824
9978,Empate,4172,981,4825
9979,Vitoria,4173,981,4825
9980,Empate,4173,981,4826
9981,Vitoria,4174,981,4826
9982,Empate,4174,981,4827
9983,Vitoria,4175,981,4827
9984,Empate,4175,981,4828
9985,Vitoria,4176,981,4828
9986,Empate,4176,981,4829
9987,Derrota,4176,982,4829
9988,Empate,4176,982,4830
9989,Vitoria,4177,982,4830
9990,Empate,4177,982,4831
9991,Vitoria,4178,982,4831
9992,Empate,4178,982,4832
9993,Empate,4178,982,4833
9994,Derrota,4178,983,4833
9995,Vitoria,4179,983,4833
9996,Empate,4179,983,4834
9997,Vitoria,4180,983,4834
9998,Empate,4180,983,4835
9999,Vitoria,4181,983,4835
10000,Empate,4181,983,4836
